#tstep,        time,  Ref. state,       state,    Pcontrol,    Icontrol,    Dcontrol,   D2control,       noise,     capping,         raw,     control
     0,0.000000e+00,0.000000e+00,0.000000e+00,0.000000e+00,0.000000e+00,0.000000e+00,0.000000e+00,0.000000e+00,0.000000e+00,0.000000e+00,0.000000e+00
     1,1.989231e-04,0.000000e+00,0.000000e+00,0.000000e+00,0.000000e+00,0.000000e+00,0.000000e+00,0.000000e+00,0.000000e+00,0.000000e+00,0.000000e+00
     2,3.978461e-04,0.000000e+00,1.100126e-07,-1.100126e-05,-0.000000e+00,-0.000000e+00,0.000000e+00,0.000000e+00,0.000000e+00,-5.639881e-04,-1.100126e-05
     3,5.967692e-04,0.000000e+00,4.826576e-07,-4.826576e-05,-0.000000e+00,-0.000000e+00,-0.000000e+00,0.000000e+00,0.000000e+00,-1.368622e-03,-4.826576e-05
     4,7.956922e-04,0.000000e+00,9.618909e-07,-9.618909e-05,-0.000000e+00,-0.000000e+00,0.000000e+00,0.000000e+00,0.000000e+00,-1.185040e-03,-9.618909e-05
     5,9.946153e-04,0.000000e+00,1.312050e-06,-1.312050e-04,-0.000000e+00,-0.000000e+00,0.000000e+00,0.000000e+00,0.000000e+00,-8.025827e-04,-1.312050e-04
     6,1.193538e-03,0.000000e+00,1.626799e-06,-1.626799e-04,-0.000000e+00,-0.000000e+00,-0.000000e+00,0.000000e+00,0.000000e+00,-1.073545e-03,-1.626799e-04
     7,1.392461e-03,0.000000e+00,2.012581e-06,-2.012581e-04,-0.000000e+00,-0.000000e+00,-0.000000e+00,0.000000e+00,0.000000e+00,-1.229777e-03,-2.012581e-04
     8,1.591384e-03,0.000000e+00,2.403176e-06,-2.403176e-04,-0.000000e+00,-0.000000e+00,0.000000e+00,0.000000e+00,0.000000e+00,-1.175340e-03,-2.403176e-04
     9,1.790308e-03,0.000000e+00,2.751689e-06,-2.751689e-04,-0.000000e+00,-0.000000e+00,0.000000e+00,0.000000e+00,0.000000e+00,-1.092152e-03,-2.751689e-04
    10,1.989231e-03,0.000000e+00,3.063155e-06,-3.063155e-04,-0.000000e+00,-0.000000e+00,0.000000e+00,0.000000e+00,0.000000e+00,-1.055080e-03,-3.063155e-04
    11,2.188154e-03,0.000000e+00,3.372953e-06,-3.372953e-04,-0.000000e+00,-0.000000e+00,-0.000000e+00,0.000000e+00,0.000000e+00,-1.145908e-03,-3.372953e-04
    12,2.387077e-03,0.000000e+00,3.674477e-06,-3.674477e-04,-0.000000e+00,-0.000000e+00,0.000000e+00,0.000000e+00,0.000000e+00,-1.074632e-03,-3.674477e-04
    13,2.586000e-03,0.000000e+00,3.942087e-06,-3.942087e-04,-0.000000e+00,-0.000000e+00,0.000000e+00,0.000000e+00,0.000000e+00,-1.032299e-03,-3.942087e-04
    14,2.784923e-03,0.000000e+00,4.194758e-06,-4.194758e-04,-0.000000e+00,-0.000000e+00,-0.000000e+00,0.000000e+00,0.000000e+00,-1.051593e-03,-4.194758e-04
    15,2.983846e-03,0.000000e+00,4.432872e-06,-4.432872e-04,-0.000000e+00,-0.000000e+00,0.000000e+00,0.000000e+00,0.000000e+00,-1.008182e-03,-4.432872e-04
    16,3.182769e-03,0.000000e+00,4.655566e-06,-4.655566e-04,-0.000000e+00,-0.000000e+00,0.000000e+00,0.000000e+00,0.000000e+00,-1.020158e-03,-4.655566e-04
    17,3.381692e-03,0.000000e+00,4.862089e-06,-4.862089e-04,-0.000000e+00,-0.000000e+00,0.000000e+00,0.000000e+00,0.000000e+00,-9.698214e-04,-4.862089e-04
    18,3.580615e-03,0.000000e+00,5.048052e-06,-5.048052e-04,-0.000000e+00,-0.000000e+00,0.000000e+00,0.000000e+00,0.000000e+00,-9.560264e-04,-5.048052e-04
    19,3.779538e-03,0.000000e+00,5.231896e-06,-5.231896e-04,-0.000000e+00,-0.000000e+00,-0.000000e+00,0.000000e+00,0.000000e+00,-9.961729e-04,-5.231896e-04
    20,3.978461e-03,0.000000e+00,5.416401e-06,-5.416401e-04,-0.000000e+00,-0.000000e+00,-0.000000e+00,0.000000e+00,0.000000e+00,-9.961754e-04,-5.416401e-04
    21,4.177384e-03,0.000000e+00,5.603430e-06,-5.603430e-04,-0.000000e+00,-0.000000e+00,-0.000000e+00,0.000000e+00,0.000000e+00,-1.046010e-03,-5.603430e-04
    22,4.376307e-03,0.000000e+00,5.798599e-06,-5.798599e-04,-0.000000e+00,-0.000000e+00,-0.000000e+00,0.000000e+00,0.000000e+00,-1.075329e-03,-5.798599e-04
    23,4.575230e-03,0.000000e+00,5.999978e-06,-5.999978e-04,-0.000000e+00,-0.000000e+00,-0.000000e+00,0.000000e+00,0.000000e+00,-1.116868e-03,-5.999978e-04
    24,4.774153e-03,0.000000e+00,6.209574e-06,-6.209574e-04,-0.000000e+00,-0.000000e+00,-0.000000e+00,0.000000e+00,0.000000e+00,-1.157746e-03,-6.209574e-04
    25,4.973077e-03,0.000000e+00,6.414328e-06,-6.414328e-04,-0.000000e+00,-0.000000e+00,0.000000e+00,0.000000e+00,0.000000e+00,-1.133960e-03,-6.414328e-04
    26,5.172000e-03,0.000000e+00,6.608295e-06,-6.608295e-04,-0.000000e+00,-0.000000e+00,0.000000e+00,0.000000e+00,0.000000e+00,-1.143386e-03,-6.608295e-04
    27,5.370923e-03,0.000000e+00,6.800615e-06,-6.800615e-04,-0.000000e+00,-0.000000e+00,-0.000000e+00,0.000000e+00,0.000000e+00,-1.164311e-03,-6.800615e-04
    28,5.569846e-03,0.000000e+00,6.998668e-06,-6.998668e-04,-0.000000e+00,-0.000000e+00,-0.000000e+00,0.000000e+00,0.000000e+00,-1.211239e-03,-6.998668e-04
    29,5.768769e-03,0.000000e+00,7.211709e-06,-7.211709e-04,-0.000000e+00,-0.000000e+00,-0.000000e+00,0.000000e+00,0.000000e+00,-1.280773e-03,-7.211709e-04
    30,5.967692e-03,0.000000e+00,7.435641e-06,-7.435641e-04,-0.000000e+00,-0.000000e+00,-0.000000e+00,0.000000e+00,0.000000e+00,-1.309687e-03,-7.435641e-04
    31,6.166615e-03,0.000000e+00,7.662896e-06,-7.662896e-04,-0.000000e+00,-0.000000e+00,0.000000e+00,0.000000e+00,0.000000e+00,-1.342591e-03,-7.662896e-04
    32,6.365538e-03,0.000000e+00,7.897144e-06,-7.897144e-04,-0.000000e+00,-0.000000e+00,-0.000000e+00,0.000000e+00,0.000000e+00,-1.390992e-03,-7.897144e-04
    33,6.564461e-03,0.000000e+00,8.146933e-06,-8.146933e-04,-0.000000e+00,-0.000000e+00,-0.000000e+00,0.000000e+00,0.000000e+00,-1.469120e-03,-8.146933e-04
    34,6.763384e-03,0.000000e+00,8.417850e-06,-8.417850e-04,-0.000000e+00,-0.000000e+00,-0.000000e+00,0.000000e+00,0.000000e+00,-1.549281e-03,-8.417850e-04
    35,6.962307e-03,0.000000e+00,8.701334e-06,-8.701334e-04,-0.000000e+00,-0.000000e+00,-0.000000e+00,0.000000e+00,0.000000e+00,-1.587731e-03,-8.701334e-04
    36,7.161230e-03,0.000000e+00,8.990009e-06,-8.990009e-04,-0.000000e+00,-0.000000e+00,0.000000e+00,0.000000e+00,0.000000e+00,-1.632594e-03,-8.990009e-04
    37,7.360153e-03,0.000000e+00,9.285961e-06,-9.285961e-04,-0.000000e+00,-0.000000e+00,-0.000000e+00,0.000000e+00,0.000000e+00,-1.682776e-03,-9.285961e-04
    38,7.559076e-03,0.000000e+00,9.584944e-06,-9.584944e-04,-0.000000e+00,-0.000000e+00,0.000000e+00,0.000000e+00,0.000000e+00,-1.707319e-03,-9.584944e-04
    39,7.757999e-03,0.000000e+00,9.876648e-06,-9.876648e-04,-0.000000e+00,-0.000000e+00,0.000000e+00,0.000000e+00,0.000000e+00,-1.705258e-03,-9.876648e-04
    40,7.956922e-03,0.000000e+00,1.015578e-05,-1.015578e-03,-0.000000e+00,-0.000000e+00,0.000000e+00,0.000000e+00,0.000000e+00,-1.701191e-03,-1.015578e-03
    41,8.155846e-03,0.000000e+00,1.042415e-05,-1.042415e-03,-0.000000e+00,-0.000000e+00,0.000000e+00,0.000000e+00,0.000000e+00,-1.705909e-03,-1.042415e-03
    42,8.354769e-03,0.000000e+00,1.068003e-05,-1.068003e-03,-0.000000e+00,-0.000000e+00,0.000000e+00,0.000000e+00,0.000000e+00,-1.690833e-03,-1.068003e-03
    43,8.553692e-03,0.000000e+00,1.091986e-05,-1.091986e-03,-0.000000e+00,-0.000000e+00,0.000000e+00,0.000000e+00,0.000000e+00,-1.674815e-03,-1.091986e-03
    44,8.752615e-03,0.000000e+00,1.115047e-05,-1.115047e-03,-0.000000e+00,-0.000000e+00,0.000000e+00,0.000000e+00,0.000000e+00,-1.691489e-03,-1.115047e-03
    45,8.951538e-03,0.000000e+00,1.138166e-05,-1.138166e-03,-0.000000e+00,-0.000000e+00,-0.000000e+00,0.000000e+00,0.000000e+00,-1.723936e-03,-1.138166e-03
    46,9.150461e-03,0.000000e+00,1.161179e-05,-1.161179e-03,-0.000000e+00,-0.000000e+00,0.000000e+00,0.000000e+00,0.000000e+00,-1.732308e-03,-1.161179e-03
    47,9.349384e-03,0.000000e+00,1.183202e-05,-1.183202e-03,-0.000000e+00,-0.000000e+00,0.000000e+00,0.000000e+00,0.000000e+00,-1.719204e-03,-1.183202e-03
    48,9.548307e-03,0.000000e+00,1.203939e-05,-1.203939e-03,-0.000000e+00,-0.000000e+00,0.000000e+00,0.000000e+00,0.000000e+00,-1.710356e-03,-1.203939e-03
    49,9.747230e-03,0.000000e+00,1.223368e-05,-1.223368e-03,-0.000000e+00,-0.000000e+00,0.000000e+00,0.000000e+00,0.000000e+00,-1.693671e-03,-1.223368e-03
    50,9.946153e-03,0.000000e+00,1.241342e-05,-1.241342e-03,-0.000000e+00,-0.000000e+00,0.000000e+00,0.000000e+00,0.000000e+00,-1.674610e-03,-1.241342e-03
    51,1.014508e-02,0.000000e+00,1.258091e-05,-1.258091e-03,-0.000000e+00,-0.000000e+00,0.000000e+00,0.000000e+00,0.000000e+00,-1.666833e-03,-1.258091e-03
    52,1.034400e-02,0.000000e+00,1.274048e-05,-1.274048e-03,-0.000000e+00,-0.000000e+00,0.000000e+00,0.000000e+00,0.000000e+00,-1.667433e-03,-1.274048e-03
    53,1.054292e-02,0.000000e+00,1.289206e-05,-1.289206e-03,-0.000000e+00,-0.000000e+00,0.000000e+00,0.000000e+00,0.000000e+00,-1.657826e-03,-1.289206e-03
    54,1.074185e-02,0.000000e+00,1.302717e-05,-1.302717e-03,-0.000000e+00,-0.000000e+00,0.000000e+00,0.000000e+00,0.000000e+00,-1.613309e-03,-1.302717e-03
    55,1.094077e-02,0.000000e+00,1.313971e-05,-1.313971e-03,-0.000000e+00,-0.000000e+00,0.000000e+00,0.000000e+00,0.000000e+00,-1.569157e-03,-1.313971e-03
    56,1.113969e-02,0.000000e+00,1.323660e-05,-1.323660e-03,-0.000000e+00,-0.000000e+00,0.000000e+00,0.000000e+00,0.000000e+00,-1.555514e-03,-1.323660e-03
    57,1.133861e-02,0.000000e+00,1.332791e-05,-1.332791e-03,-0.000000e+00,-0.000000e+00,-0.000000e+00,0.000000e+00,0.000000e+00,-1.559956e-03,-1.332791e-03
    58,1.153754e-02,0.000000e+00,1.341605e-05,-1.341605e-03,-0.000000e+00,-0.000000e+00,0.000000e+00,0.000000e+00,0.000000e+00,-1.557554e-03,-1.341605e-03
    59,1.173646e-02,0.000000e+00,1.349535e-05,-1.349535e-03,-0.000000e+00,-0.000000e+00,0.000000e+00,0.000000e+00,0.000000e+00,-1.532198e-03,-1.349535e-03
    60,1.193538e-02,0.000000e+00,1.356390e-05,-1.356390e-03,-0.000000e+00,-0.000000e+00,0.000000e+00,0.000000e+00,0.000000e+00,-1.518350e-03,-1.356390e-03
    61,1.213431e-02,0.000000e+00,1.362657e-05,-1.362657e-03,-0.000000e+00,-0.000000e+00,0.000000e+00,0.000000e+00,0.000000e+00,-1.515738e-03,-1.362657e-03
    62,1.233323e-02,0.000000e+00,1.368290e-05,-1.368290e-03,-0.000000e+00,-0.000000e+00,0.000000e+00,0.000000e+00,0.000000e+00,-1.498389e-03,-1.368290e-03
    63,1.253215e-02,0.000000e+00,1.372932e-05,-1.372932e-03,-0.000000e+00,-0.000000e+00,0.000000e+00,0.000000e+00,0.000000e+00,-1.476172e-03,-1.372932e-03
    64,1.273108e-02,0.000000e+00,1.376592e-05,-1.376592e-03,-0.000000e+00,-0.000000e+00,0.000000e+00,0.000000e+00,0.000000e+00,-1.457346e-03,-1.376592e-03
    65,1.293000e-02,0.000000e+00,1.379783e-05,-1.379783e-03,-0.000000e+00,-0.000000e+00,-0.000000e+00,0.000000e+00,0.000000e+00,-1.459460e-03,-1.379783e-03
    66,1.312892e-02,0.000000e+00,1.383182e-05,-1.383182e-03,-0.000000e+00,-0.000000e+00,-0.000000e+00,0.000000e+00,0.000000e+00,-1.474349e-03,-1.383182e-03
    67,1.332785e-02,0.000000e+00,1.387056e-05,-1.387056e-03,-0.000000e+00,-0.000000e+00,-0.000000e+00,0.000000e+00,0.000000e+00,-1.490672e-03,-1.387056e-03
    68,1.352677e-02,0.000000e+00,1.391648e-05,-1.391648e-03,-0.000000e+00,-0.000000e+00,-0.000000e+00,0.000000e+00,0.000000e+00,-1.518854e-03,-1.391648e-03
    69,1.372569e-02,0.000000e+00,1.397115e-05,-1.397115e-03,-0.000000e+00,-0.000000e+00,-0.000000e+00,0.000000e+00,0.000000e+00,-1.544745e-03,-1.397115e-03
    70,1.392461e-02,0.000000e+00,1.403280e-05,-1.403280e-03,-0.000000e+00,-0.000000e+00,-0.000000e+00,0.000000e+00,0.000000e+00,-1.565554e-03,-1.403280e-03
    71,1.412354e-02,0.000000e+00,1.409926e-05,-1.409926e-03,-0.000000e+00,-0.000000e+00,-0.000000e+00,0.000000e+00,0.000000e+00,-1.581793e-03,-1.409926e-03
    72,1.432246e-02,0.000000e+00,1.417029e-05,-1.417029e-03,-0.000000e+00,-0.000000e+00,-0.000000e+00,0.000000e+00,0.000000e+00,-1.602200e-03,-1.417029e-03
    73,1.452138e-02,0.000000e+00,1.424906e-05,-1.424906e-03,-0.000000e+00,-0.000000e+00,-0.000000e+00,0.000000e+00,0.000000e+00,-1.635728e-03,-1.424906e-03
    74,1.472031e-02,0.000000e+00,1.433553e-05,-1.433553e-03,-0.000000e+00,-0.000000e+00,-0.000000e+00,0.000000e+00,0.000000e+00,-1.657426e-03,-1.433553e-03
    75,1.491923e-02,0.000000e+00,1.442405e-05,-1.442405e-03,-0.000000e+00,-0.000000e+00,0.000000e+00,0.000000e+00,0.000000e+00,-1.663505e-03,-1.442405e-03
    76,1.511815e-02,0.000000e+00,1.450983e-05,-1.450983e-03,-0.000000e+00,-0.000000e+00,0.000000e+00,0.000000e+00,0.000000e+00,-1.661128e-03,-1.450983e-03
    77,1.531708e-02,0.000000e+00,1.459149e-05,-1.459149e-03,-0.000000e+00,-0.000000e+00,0.000000e+00,0.000000e+00,0.000000e+00,-1.659487e-03,-1.459149e-03
    78,1.551600e-02,0.000000e+00,1.467047e-05,-1.467047e-03,-0.000000e+00,-0.000000e+00,0.000000e+00,0.000000e+00,0.000000e+00,-1.663757e-03,-1.467047e-03
    79,1.571492e-02,0.000000e+00,1.474865e-05,-1.474865e-03,-0.000000e+00,-0.000000e+00,-0.000000e+00,0.000000e+00,0.000000e+00,-1.671185e-03,-1.474865e-03
    80,1.591384e-02,0.000000e+00,1.483137e-05,-1.483137e-03,-0.000000e+00,-0.000000e+00,-0.000000e+00,0.000000e+00,0.000000e+00,-1.702676e-03,-1.483137e-03
    81,1.611277e-02,0.000000e+00,1.492406e-05,-1.492406e-03,-0.000000e+00,-0.000000e+00,-0.000000e+00,0.000000e+00,0.000000e+00,-1.738829e-03,-1.492406e-03
    82,1.631169e-02,0.000000e+00,1.502391e-05,-1.502391e-03,-0.000000e+00,-0.000000e+00,-0.000000e+00,0.000000e+00,0.000000e+00,-1.757919e-03,-1.502391e-03
    83,1.651061e-02,0.000000e+00,1.512889e-05,-1.512889e-03,-0.000000e+00,-0.000000e+00,-0.000000e+00,0.000000e+00,0.000000e+00,-1.785065e-03,-1.512889e-03
    84,1.670954e-02,0.000000e+00,1.524284e-05,-1.524284e-03,-0.000000e+00,-0.000000e+00,-0.000000e+00,0.000000e+00,0.000000e+00,-1.824940e-03,-1.524284e-03
    85,1.690846e-02,0.000000e+00,1.536732e-05,-1.536732e-03,-0.000000e+00,-0.000000e+00,-0.000000e+00,0.000000e+00,0.000000e+00,-1.861857e-03,-1.536732e-03
    86,1.710738e-02,0.000000e+00,1.549569e-05,-1.549569e-03,-0.000000e+00,-0.000000e+00,0.000000e+00,0.000000e+00,0.000000e+00,-1.869762e-03,-1.549569e-03
    87,1.730631e-02,0.000000e+00,1.561887e-05,-1.561887e-03,-0.000000e+00,-0.000000e+00,0.000000e+00,0.000000e+00,0.000000e+00,-1.860937e-03,-1.561887e-03
    88,1.750523e-02,0.000000e+00,1.573677e-05,-1.573677e-03,-0.000000e+00,-0.000000e+00,0.000000e+00,0.000000e+00,0.000000e+00,-1.867342e-03,-1.573677e-03
    89,1.770415e-02,0.000000e+00,1.585269e-05,-1.585269e-03,-0.000000e+00,-0.000000e+00,-0.000000e+00,0.000000e+00,0.000000e+00,-1.874337e-03,-1.585269e-03
    90,1.790308e-02,0.000000e+00,1.596627e-05,-1.596627e-03,-0.000000e+00,-0.000000e+00,0.000000e+00,0.000000e+00,0.000000e+00,-1.878533e-03,-1.596627e-03
    91,1.810200e-02,0.000000e+00,1.607650e-05,-1.607650e-03,-0.000000e+00,-0.000000e+00,0.000000e+00,0.000000e+00,0.000000e+00,-1.879870e-03,-1.607650e-03
    92,1.830092e-02,0.000000e+00,1.618129e-05,-1.618129e-03,-0.000000e+00,-0.000000e+00,0.000000e+00,0.000000e+00,0.000000e+00,-1.872696e-03,-1.618129e-03
    93,1.849984e-02,0.000000e+00,1.627843e-05,-1.627843e-03,-0.000000e+00,-0.000000e+00,0.000000e+00,0.000000e+00,0.000000e+00,-1.861616e-03,-1.627843e-03
    94,1.869877e-02,0.000000e+00,1.636668e-05,-1.636668e-03,-0.000000e+00,-0.000000e+00,0.000000e+00,0.000000e+00,0.000000e+00,-1.846498e-03,-1.636668e-03
    95,1.889769e-02,0.000000e+00,1.644857e-05,-1.644857e-03,-0.000000e+00,-0.000000e+00,0.000000e+00,0.000000e+00,0.000000e+00,-1.846737e-03,-1.644857e-03
    96,1.909661e-02,0.000000e+00,1.652944e-05,-1.652944e-03,-0.000000e+00,-0.000000e+00,-0.000000e+00,0.000000e+00,0.000000e+00,-1.857556e-03,-1.652944e-03
    97,1.929554e-02,0.000000e+00,1.660993e-05,-1.660993e-03,-0.000000e+00,-0.000000e+00,-0.000000e+00,0.000000e+00,0.000000e+00,-1.861021e-03,-1.660993e-03
    98,1.949446e-02,0.000000e+00,1.668845e-05,-1.668845e-03,-0.000000e+00,-0.000000e+00,0.000000e+00,0.000000e+00,0.000000e+00,-1.863571e-03,-1.668845e-03
    99,1.969338e-02,0.000000e+00,1.676336e-05,-1.676336e-03,-0.000000e+00,-0.000000e+00,0.000000e+00,0.000000e+00,0.000000e+00,-1.858169e-03,-1.676336e-03
   100,1.989231e-02,0.000000e+00,1.683163e-05,-1.683163e-03,-0.000000e+00,-0.000000e+00,0.000000e+00,0.000000e+00,0.000000e+00,-1.844531e-03,-1.683163e-03
   101,2.009123e-02,0.000000e+00,1.689175e-05,-1.689175e-03,-0.000000e+00,-0.000000e+00,0.000000e+00,0.000000e+00,0.000000e+00,-1.830035e-03,-1.689175e-03
   102,2.029015e-02,0.000000e+00,1.694612e-05,-1.694612e-03,-0.000000e+00,-0.000000e+00,0.000000e+00,0.000000e+00,0.000000e+00,-1.827090e-03,-1.694612e-03
   103,2.048908e-02,0.000000e+00,1.700033e-05,-1.700033e-03,-0.000000e+00,-0.000000e+00,-0.000000e+00,0.000000e+00,0.000000e+00,-1.840069e-03,-1.700033e-03
   104,2.068800e-02,0.000000e+00,1.705611e-05,-1.705611e-03,-0.000000e+00,-0.000000e+00,-0.000000e+00,0.000000e+00,0.000000e+00,-1.845981e-03,-1.705611e-03
   105,2.088692e-02,0.000000e+00,1.711067e-05,-1.711067e-03,-0.000000e+00,-0.000000e+00,0.000000e+00,0.000000e+00,0.000000e+00,-1.844968e-03,-1.711067e-03
   106,2.108584e-02,0.000000e+00,1.716223e-05,-1.716223e-03,-0.000000e+00,-0.000000e+00,0.000000e+00,0.000000e+00,0.000000e+00,-1.841518e-03,-1.716223e-03
   107,2.128477e-02,0.000000e+00,1.721015e-05,-1.721015e-03,-0.000000e+00,-0.000000e+00,0.000000e+00,0.000000e+00,0.000000e+00,-1.836593e-03,-1.721015e-03
   108,2.148369e-02,0.000000e+00,1.725596e-05,-1.725596e-03,-0.000000e+00,-0.000000e+00,0.000000e+00,0.000000e+00,0.000000e+00,-1.840316e-03,-1.725596e-03
   109,2.168261e-02,0.000000e+00,1.730018e-05,-1.730018e-03,-0.000000e+00,-0.000000e+00,0.000000e+00,0.000000e+00,0.000000e+00,-1.837623e-03,-1.730018e-03
   110,2.188154e-02,0.000000e+00,1.733911e-05,-1.733911e-03,-0.000000e+00,-0.000000e+00,0.000000e+00,0.000000e+00,0.000000e+00,-1.821984e-03,-1.733911e-03
   111,2.208046e-02,0.000000e+00,1.737030e-05,-1.737030e-03,-0.000000e+00,-0.000000e+00,0.000000e+00,0.000000e+00,0.000000e+00,-1.805773e-03,-1.737030e-03
   112,2.227938e-02,0.000000e+00,1.739601e-05,-1.739601e-03,-0.000000e+00,-0.000000e+00,0.000000e+00,0.000000e+00,0.000000e+00,-1.800091e-03,-1.739601e-03
   113,2.247831e-02,0.000000e+00,1.741974e-05,-1.741974e-03,-0.000000e+00,-0.000000e+00,-0.000000e+00,0.000000e+00,0.000000e+00,-1.800790e-03,-1.741974e-03
   114,2.267723e-02,0.000000e+00,1.744021e-05,-1.744021e-03,-0.000000e+00,-0.000000e+00,0.000000e+00,0.000000e+00,0.000000e+00,-1.788087e-03,-1.744021e-03
   115,2.287615e-02,0.000000e+00,1.745468e-05,-1.745468e-03,-0.000000e+00,-0.000000e+00,0.000000e+00,0.000000e+00,0.000000e+00,-1.774174e-03,-1.745468e-03
   116,2.307508e-02,0.000000e+00,1.746627e-05,-1.746627e-03,-0.000000e+00,-0.000000e+00,-0.000000e+00,0.000000e+00,0.000000e+00,-1.776156e-03,-1.746627e-03
   117,2.327400e-02,0.000000e+00,1.748022e-05,-1.748022e-03,-0.000000e+00,-0.000000e+00,-0.000000e+00,0.000000e+00,0.000000e+00,-1.788635e-03,-1.748022e-03
   118,2.347292e-02,0.000000e+00,1.749983e-05,-1.749983e-03,-0.000000e+00,-0.000000e+00,-0.000000e+00,0.000000e+00,0.000000e+00,-1.807944e-03,-1.749983e-03
   119,2.367184e-02,0.000000e+00,1.752670e-05,-1.752670e-03,-0.000000e+00,-0.000000e+00,-0.000000e+00,0.000000e+00,0.000000e+00,-1.829806e-03,-1.752670e-03
   120,2.387077e-02,0.000000e+00,1.756115e-05,-1.756115e-03,-0.000000e+00,-0.000000e+00,-0.000000e+00,0.000000e+00,0.000000e+00,-1.852162e-03,-1.756115e-03
   121,2.406969e-02,0.000000e+00,1.760111e-05,-1.760111e-03,-0.000000e+00,-0.000000e+00,-0.000000e+00,0.000000e+00,0.000000e+00,-1.864948e-03,-1.760111e-03
   122,2.426861e-02,0.000000e+00,1.764278e-05,-1.764278e-03,-0.000000e+00,-0.000000e+00,0.000000e+00,0.000000e+00,0.000000e+00,-1.868877e-03,-1.764278e-03
   123,2.446754e-02,0.000000e+00,1.768503e-05,-1.768503e-03,-0.000000e+00,-0.000000e+00,0.000000e+00,0.000000e+00,0.000000e+00,-1.876318e-03,-1.768503e-03
   124,2.466646e-02,0.000000e+00,1.772688e-05,-1.772688e-03,-0.000000e+00,-0.000000e+00,0.000000e+00,0.000000e+00,0.000000e+00,-1.875281e-03,-1.772688e-03
   125,2.486538e-02,0.000000e+00,1.776458e-05,-1.776458e-03,-0.000000e+00,-0.000000e+00,0.000000e+00,0.000000e+00,0.000000e+00,-1.863359e-03,-1.776458e-03
   126,2.506431e-02,0.000000e+00,1.779672e-05,-1.779672e-03,-0.000000e+00,-0.000000e+00,0.000000e+00,0.000000e+00,0.000000e+00,-1.854366e-03,-1.779672e-03
   127,2.526323e-02,0.000000e+00,1.782537e-05,-1.782537e-03,-0.000000e+00,-0.000000e+00,0.000000e+00,0.000000e+00,0.000000e+00,-1.851870e-03,-1.782537e-03
   128,2.546215e-02,0.000000e+00,1.785234e-05,-1.785234e-03,-0.000000e+00,-0.000000e+00,-0.000000e+00,0.000000e+00,0.000000e+00,-1.851436e-03,-1.785234e-03
   129,2.566107e-02,0.000000e+00,1.787771e-05,-1.787771e-03,-0.000000e+00,-0.000000e+00,0.000000e+00,0.000000e+00,0.000000e+00,-1.849153e-03,-1.787771e-03
   130,2.586000e-02,0.000000e+00,1.790263e-05,-1.790263e-03,-0.000000e+00,-0.000000e+00,-0.000000e+00,0.000000e+00,0.000000e+00,-1.854116e-03,-1.790263e-03
   131,2.605892e-02,0.000000e+00,1.792975e-05,-1.792975e-03,-0.000000e+00,-0.000000e+00,-0.000000e+00,0.000000e+00,0.000000e+00,-1.865475e-03,-1.792975e-03
   132,2.625784e-02,0.000000e+00,1.795937e-05,-1.795937e-03,-0.000000e+00,-0.000000e+00,-0.000000e+00,0.000000e+00,0.000000e+00,-1.872336e-03,-1.795937e-03
   133,2.645677e-02,0.000000e+00,1.799012e-05,-1.799012e-03,-0.000000e+00,-0.000000e+00,0.000000e+00,0.000000e+00,0.000000e+00,-1.877201e-03,-1.799012e-03
   134,2.665569e-02,0.000000e+00,1.802294e-05,-1.802294e-03,-0.000000e+00,-0.000000e+00,-0.000000e+00,0.000000e+00,0.000000e+00,-1.889068e-03,-1.802294e-03
   135,2.685461e-02,0.000000e+00,1.806160e-05,-1.806160e-03,-0.000000e+00,-0.000000e+00,-0.000000e+00,0.000000e+00,0.000000e+00,-1.913731e-03,-1.806160e-03
   136,2.705354e-02,0.000000e+00,1.810802e-05,-1.810802e-03,-0.000000e+00,-0.000000e+00,-0.000000e+00,0.000000e+00,0.000000e+00,-1.936627e-03,-1.810802e-03
   137,2.725246e-02,0.000000e+00,1.815796e-05,-1.815796e-03,-0.000000e+00,-0.000000e+00,0.000000e+00,0.000000e+00,0.000000e+00,-1.941026e-03,-1.815796e-03
   138,2.745138e-02,0.000000e+00,1.820507e-05,-1.820507e-03,-0.000000e+00,-0.000000e+00,0.000000e+00,0.000000e+00,0.000000e+00,-1.932105e-03,-1.820507e-03
   139,2.765031e-02,0.000000e+00,1.824729e-05,-1.824729e-03,-0.000000e+00,-0.000000e+00,0.000000e+00,0.000000e+00,0.000000e+00,-1.925361e-03,-1.824729e-03
   140,2.784923e-02,0.000000e+00,1.828787e-05,-1.828787e-03,-0.000000e+00,-0.000000e+00,-0.000000e+00,0.000000e+00,0.000000e+00,-1.932145e-03,-1.828787e-03
   141,2.804815e-02,0.000000e+00,1.832993e-05,-1.832993e-03,-0.000000e+00,-0.000000e+00,-0.000000e+00,0.000000e+00,0.000000e+00,-1.941085e-03,-1.832993e-03
   142,2.824707e-02,0.000000e+00,1.837220e-05,-1.837220e-03,-0.000000e+00,-0.000000e+00,0.000000e+00,0.000000e+00,0.000000e+00,-1.941635e-03,-1.837220e-03
   143,2.844600e-02,0.000000e+00,1.841270e-05,-1.841270e-03,-0.000000e+00,-0.000000e+00,0.000000e+00,0.000000e+00,0.000000e+00,-1.940405e-03,-1.841270e-03
   144,2.864492e-02,0.000000e+00,1.845117e-05,-1.845117e-03,-0.000000e+00,-0.000000e+00,0.000000e+00,0.000000e+00,0.000000e+00,-1.939418e-03,-1.845117e-03
   145,2.884384e-02,0.000000e+00,1.848729e-05,-1.848729e-03,-0.000000e+00,-0.000000e+00,0.000000e+00,0.000000e+00,0.000000e+00,-1.936007e-03,-1.848729e-03
   146,2.904277e-02,0.000000e+00,1.851938e-05,-1.851938e-03,-0.000000e+00,-0.000000e+00,0.000000e+00,0.000000e+00,0.000000e+00,-1.925968e-03,-1.851938e-03
   147,2.924169e-02,0.000000e+00,1.854702e-05,-1.854702e-03,-0.000000e+00,-0.000000e+00,0.000000e+00,0.000000e+00,0.000000e+00,-1.919594e-03,-1.854702e-03
   148,2.944061e-02,0.000000e+00,1.857350e-05,-1.857350e-03,-0.000000e+00,-0.000000e+00,-0.000000e+00,0.000000e+00,0.000000e+00,-1.925597e-03,-1.857350e-03
   149,2.963954e-02,0.000000e+00,1.860068e-05,-1.860068e-03,-0.000000e+00,-0.000000e+00,-0.000000e+00,0.000000e+00,0.000000e+00,-1.928453e-03,-1.860068e-03
   150,2.983846e-02,0.000000e+00,1.862653e-05,-1.862653e-03,-0.000000e+00,-0.000000e+00,0.000000e+00,0.000000e+00,0.000000e+00,-1.924202e-03,-1.862653e-03
   151,3.003738e-02,0.000000e+00,1.865001e-05,-1.865001e-03,-0.000000e+00,-0.000000e+00,0.000000e+00,0.000000e+00,0.000000e+00,-1.921491e-03,-1.865001e-03
   152,3.023631e-02,0.000000e+00,1.867293e-05,-1.867293e-03,-0.000000e+00,-0.000000e+00,-0.000000e+00,0.000000e+00,0.000000e+00,-1.926008e-03,-1.867293e-03
   153,3.043523e-02,0.000000e+00,1.869789e-05,-1.869789e-03,-0.000000e+00,-0.000000e+00,-0.000000e+00,0.000000e+00,0.000000e+00,-1.936563e-03,-1.869789e-03
   154,3.063415e-02,0.000000e+00,1.872557e-05,-1.872557e-03,-0.000000e+00,-0.000000e+00,-0.000000e+00,0.000000e+00,0.000000e+00,-1.944937e-03,-1.872557e-03
   155,3.083307e-02,0.000000e+00,1.875567e-05,-1.875567e-03,-0.000000e+00,-0.000000e+00,-0.000000e+00,0.000000e+00,0.000000e+00,-1.954513e-03,-1.875567e-03
   156,3.103200e-02,0.000000e+00,1.878857e-05,-1.878857e-03,-0.000000e+00,-0.000000e+00,-0.000000e+00,0.000000e+00,0.000000e+00,-1.965303e-03,-1.878857e-03
   157,3.123092e-02,0.000000e+00,1.882382e-05,-1.882382e-03,-0.000000e+00,-0.000000e+00,-0.000000e+00,0.000000e+00,0.000000e+00,-1.973119e-03,-1.882382e-03
   158,3.142984e-02,0.000000e+00,1.886042e-05,-1.886042e-03,-0.000000e+00,-0.000000e+00,-0.000000e+00,0.000000e+00,0.000000e+00,-1.979305e-03,-1.886042e-03
   159,3.162877e-02,0.000000e+00,1.889676e-05,-1.889676e-03,-0.000000e+00,-0.000000e+00,0.000000e+00,0.000000e+00,0.000000e+00,-1.979112e-03,-1.889676e-03
   160,3.182769e-02,0.000000e+00,1.893024e-05,-1.893024e-03,-0.000000e+00,-0.000000e+00,0.000000e+00,0.000000e+00,0.000000e+00,-1.971888e-03,-1.893024e-03
   161,3.202661e-02,0.000000e+00,1.895819e-05,-1.895819e-03,-0.000000e+00,-0.000000e+00,0.000000e+00,0.000000e+00,0.000000e+00,-1.957459e-03,-1.895819e-03
   162,3.222554e-02,0.000000e+00,1.897886e-05,-1.897886e-03,-0.000000e+00,-0.000000e+00,0.000000e+00,0.000000e+00,0.000000e+00,-1.940134e-03,-1.897886e-03
   163,3.242446e-02,0.000000e+00,1.899355e-05,-1.899355e-03,-0.000000e+00,-0.000000e+00,0.000000e+00,0.000000e+00,0.000000e+00,-1.930986e-03,-1.899355e-03
   164,3.262338e-02,0.000000e+00,1.900549e-05,-1.900549e-03,-0.000000e+00,-0.000000e+00,-0.000000e+00,0.000000e+00,0.000000e+00,-1.928933e-03,-1.900549e-03
   165,3.282231e-02,0.000000e+00,1.901694e-05,-1.901694e-03,-0.000000e+00,-0.000000e+00,-0.000000e+00,0.000000e+00,0.000000e+00,-1.930857e-03,-1.901694e-03
   166,3.302123e-02,0.000000e+00,1.902883e-05,-1.902883e-03,-0.000000e+00,-0.000000e+00,-0.000000e+00,0.000000e+00,0.000000e+00,-1.933478e-03,-1.902883e-03
   167,3.322015e-02,0.000000e+00,1.904151e-05,-1.904151e-03,-0.000000e+00,-0.000000e+00,-0.000000e+00,0.000000e+00,0.000000e+00,-1.937340e-03,-1.904151e-03
   168,3.341907e-02,0.000000e+00,1.905670e-05,-1.905670e-03,-0.000000e+00,-0.000000e+00,-0.000000e+00,0.000000e+00,0.000000e+00,-1.948812e-03,-1.905670e-03
   169,3.361800e-02,0.000000e+00,1.907653e-05,-1.907653e-03,-0.000000e+00,-0.000000e+00,-0.000000e+00,0.000000e+00,0.000000e+00,-1.964188e-03,-1.907653e-03
   170,3.381692e-02,0.000000e+00,1.910162e-05,-1.910162e-03,-0.000000e+00,-0.000000e+00,-0.000000e+00,0.000000e+00,0.000000e+00,-1.979768e-03,-1.910162e-03
   171,3.401584e-02,0.000000e+00,1.913109e-05,-1.913109e-03,-0.000000e+00,-0.000000e+00,-0.000000e+00,0.000000e+00,0.000000e+00,-1.991643e-03,-1.913109e-03
   172,3.421477e-02,0.000000e+00,1.916296e-05,-1.916296e-03,-0.000000e+00,-0.000000e+00,-0.000000e+00,0.000000e+00,0.000000e+00,-1.997986e-03,-1.916296e-03
   173,3.441369e-02,0.000000e+00,1.919621e-05,-1.919621e-03,-0.000000e+00,-0.000000e+00,-0.000000e+00,0.000000e+00,0.000000e+00,-2.005078e-03,-1.919621e-03
   174,3.461261e-02,0.000000e+00,1.923083e-05,-1.923083e-03,-0.000000e+00,-0.000000e+00,-0.000000e+00,0.000000e+00,0.000000e+00,-2.011686e-03,-1.923083e-03
   175,3.481154e-02,0.000000e+00,1.926554e-05,-1.926554e-03,-0.000000e+00,-0.000000e+00,0.000000e+00,0.000000e+00,0.000000e+00,-2.012446e-03,-1.926554e-03
   176,3.501046e-02,0.000000e+00,1.929715e-05,-1.929715e-03,-0.000000e+00,-0.000000e+00,0.000000e+00,0.000000e+00,0.000000e+00,-2.002726e-03,-1.929715e-03
   177,3.520938e-02,0.000000e+00,1.932268e-05,-1.932268e-03,-0.000000e+00,-0.000000e+00,0.000000e+00,0.000000e+00,0.000000e+00,-1.987592e-03,-1.932268e-03
   178,3.540830e-02,0.000000e+00,1.934268e-05,-1.934268e-03,-0.000000e+00,-0.000000e+00,0.000000e+00,0.000000e+00,0.000000e+00,-1.979465e-03,-1.934268e-03
   179,3.560723e-02,0.000000e+00,1.935991e-05,-1.935991e-03,-0.000000e+00,-0.000000e+00,-0.000000e+00,0.000000e+00,0.000000e+00,-1.977424e-03,-1.935991e-03
   180,3.580615e-02,0.000000e+00,1.937642e-05,-1.937642e-03,-0.000000e+00,-0.000000e+00,-0.000000e+00,0.000000e+00,0.000000e+00,-1.979184e-03,-1.937642e-03
   181,3.600507e-02,0.000000e+00,1.939356e-05,-1.939356e-03,-0.000000e+00,-0.000000e+00,-0.000000e+00,0.000000e+00,0.000000e+00,-1.984006e-03,-1.939356e-03
   182,3.620400e-02,0.000000e+00,1.941172e-05,-1.941172e-03,-0.000000e+00,-0.000000e+00,-0.000000e+00,0.000000e+00,0.000000e+00,-1.987796e-03,-1.941172e-03
   183,3.640292e-02,0.000000e+00,1.943036e-05,-1.943036e-03,-0.000000e+00,-0.000000e+00,0.000000e+00,0.000000e+00,0.000000e+00,-1.990124e-03,-1.943036e-03
   184,3.660184e-02,0.000000e+00,1.944887e-05,-1.944887e-03,-0.000000e+00,-0.000000e+00,0.000000e+00,0.000000e+00,0.000000e+00,-1.990849e-03,-1.944887e-03
   185,3.680077e-02,0.000000e+00,1.946759e-05,-1.946759e-03,-0.000000e+00,-0.000000e+00,-0.000000e+00,0.000000e+00,0.000000e+00,-1.994921e-03,-1.946759e-03
   186,3.699969e-02,0.000000e+00,1.948858e-05,-1.948858e-03,-0.000000e+00,-0.000000e+00,-0.000000e+00,0.000000e+00,0.000000e+00,-2.006206e-03,-1.948858e-03
   187,3.719861e-02,0.000000e+00,1.951394e-05,-1.951394e-03,-0.000000e+00,-0.000000e+00,-0.000000e+00,0.000000e+00,0.000000e+00,-2.021503e-03,-1.951394e-03
   188,3.739754e-02,0.000000e+00,1.954384e-05,-1.954384e-03,-0.000000e+00,-0.000000e+00,-0.000000e+00,0.000000e+00,0.000000e+00,-2.034609e-03,-1.954384e-03
   189,3.759646e-02,0.000000e+00,1.957574e-05,-1.957574e-03,-0.000000e+00,-0.000000e+00,0.000000e+00,0.000000e+00,0.000000e+00,-2.037726e-03,-1.957574e-03
   190,3.779538e-02,0.000000e+00,1.960673e-05,-1.960673e-03,-0.000000e+00,-0.000000e+00,0.000000e+00,0.000000e+00,0.000000e+00,-2.036300e-03,-1.960673e-03
   191,3.799430e-02,0.000000e+00,1.963711e-05,-1.963711e-03,-0.000000e+00,-0.000000e+00,0.000000e+00,0.000000e+00,0.000000e+00,-2.040809e-03,-1.963711e-03
   192,3.819323e-02,0.000000e+00,1.966898e-05,-1.966898e-03,-0.000000e+00,-0.000000e+00,-0.000000e+00,0.000000e+00,0.000000e+00,-2.049983e-03,-1.966898e-03
   193,3.839215e-02,0.000000e+00,1.970279e-05,-1.970279e-03,-0.000000e+00,-0.000000e+00,-0.000000e+00,0.000000e+00,0.000000e+00,-2.057190e-03,-1.970279e-03
   194,3.859107e-02,0.000000e+00,1.973686e-05,-1.973686e-03,-0.000000e+00,-0.000000e+00,0.000000e+00,0.000000e+00,0.000000e+00,-2.058029e-03,-1.973686e-03
   195,3.879000e-02,0.000000e+00,1.976937e-05,-1.976937e-03,-0.000000e+00,-0.000000e+00,0.000000e+00,0.000000e+00,0.000000e+00,-2.056038e-03,-1.976937e-03
   196,3.898892e-02,0.000000e+00,1.979959e-05,-1.979959e-03,-0.000000e+00,-0.000000e+00,0.000000e+00,0.000000e+00,0.000000e+00,-2.052788e-03,-1.979959e-03
   197,3.918784e-02,0.000000e+00,1.982672e-05,-1.982672e-03,-0.000000e+00,-0.000000e+00,0.000000e+00,0.000000e+00,0.000000e+00,-2.046187e-03,-1.982672e-03
   198,3.938677e-02,0.000000e+00,1.985031e-05,-1.985031e-03,-0.000000e+00,-0.000000e+00,0.000000e+00,0.000000e+00,0.000000e+00,-2.040132e-03,-1.985031e-03
   199,3.958569e-02,0.000000e+00,1.987119e-05,-1.987119e-03,-0.000000e+00,-0.000000e+00,0.000000e+00,0.000000e+00,0.000000e+00,-2.036978e-03,-1.987119e-03
   200,3.978461e-02,0.000000e+00,1.989057e-05,-1.989057e-03,-0.000000e+00,-0.000000e+00,0.000000e+00,0.000000e+00,0.000000e+00,-2.036628e-03,-1.989057e-03
   201,3.998354e-02,0.000000e+00,1.990955e-05,-1.990955e-03,-0.000000e+00,-0.000000e+00,-0.000000e+00,0.000000e+00,0.000000e+00,-2.038817e-03,-1.990955e-03
   202,4.018246e-02,0.000000e+00,1.992940e-05,-1.992940e-03,-0.000000e+00,-0.000000e+00,-0.000000e+00,0.000000e+00,0.000000e+00,-2.044832e-03,-1.992940e-03
   203,4.038138e-02,0.000000e+00,1.995187e-05,-1.995187e-03,-0.000000e+00,-0.000000e+00,-0.000000e+00,0.000000e+00,0.000000e+00,-2.056254e-03,-1.995187e-03
   204,4.058030e-02,0.000000e+00,1.997825e-05,-1.997825e-03,-0.000000e+00,-0.000000e+00,-0.000000e+00,0.000000e+00,0.000000e+00,-2.069374e-03,-1.997825e-03
   205,4.077923e-02,0.000000e+00,2.000883e-05,-2.000883e-03,-0.000000e+00,-0.000000e+00,-0.000000e+00,0.000000e+00,0.000000e+00,-2.083054e-03,-2.000883e-03
   206,4.097815e-02,0.000000e+00,2.004334e-05,-2.004334e-03,-0.000000e+00,-0.000000e+00,-0.000000e+00,0.000000e+00,0.000000e+00,-2.095669e-03,-2.004334e-03
   207,4.117707e-02,0.000000e+00,2.008031e-05,-2.008031e-03,-0.000000e+00,-0.000000e+00,-0.000000e+00,0.000000e+00,0.000000e+00,-2.102548e-03,-2.008031e-03
   208,4.137600e-02,0.000000e+00,2.011759e-05,-2.011759e-03,-0.000000e+00,-0.000000e+00,0.000000e+00,0.000000e+00,0.000000e+00,-2.104634e-03,-2.011759e-03
   209,4.157492e-02,0.000000e+00,2.015392e-05,-2.015392e-03,-0.000000e+00,-0.000000e+00,0.000000e+00,0.000000e+00,0.000000e+00,-2.105140e-03,-2.015392e-03
   210,4.177384e-02,0.000000e+00,2.018902e-05,-2.018902e-03,-0.000000e+00,-0.000000e+00,0.000000e+00,0.000000e+00,0.000000e+00,-2.105632e-03,-2.018902e-03
   211,4.197277e-02,0.000000e+00,2.022204e-05,-2.022204e-03,-0.000000e+00,-0.000000e+00,0.000000e+00,0.000000e+00,0.000000e+00,-2.101461e-03,-2.022204e-03
   212,4.217169e-02,0.000000e+00,2.025045e-05,-2.025045e-03,-0.000000e+00,-0.000000e+00,0.000000e+00,0.000000e+00,0.000000e+00,-2.088608e-03,-2.025045e-03
   213,4.237061e-02,0.000000e+00,2.027213e-05,-2.027213e-03,-0.000000e+00,-0.000000e+00,0.000000e+00,0.000000e+00,0.000000e+00,-2.072651e-03,-2.027213e-03
   214,4.256954e-02,0.000000e+00,2.028722e-05,-2.028722e-03,-0.000000e+00,-0.000000e+00,0.000000e+00,0.000000e+00,0.000000e+00,-2.059122e-03,-2.028722e-03
   215,4.276846e-02,0.000000e+00,2.029746e-05,-2.029746e-03,-0.000000e+00,-0.000000e+00,0.000000e+00,0.000000e+00,0.000000e+00,-2.050850e-03,-2.029746e-03
   216,4.296738e-02,0.000000e+00,2.030482e-05,-2.030482e-03,-0.000000e+00,-0.000000e+00,0.000000e+00,0.000000e+00,0.000000e+00,-2.046376e-03,-2.030482e-03
   217,4.316630e-02,0.000000e+00,2.031038e-05,-2.031038e-03,-0.000000e+00,-0.000000e+00,0.000000e+00,0.000000e+00,0.000000e+00,-2.043073e-03,-2.031038e-03
   218,4.336523e-02,0.000000e+00,2.031543e-05,-2.031543e-03,-0.000000e+00,-0.000000e+00,-0.000000e+00,0.000000e+00,0.000000e+00,-2.044906e-03,-2.031543e-03
   219,4.356415e-02,0.000000e+00,2.032232e-05,-2.032232e-03,-0.000000e+00,-0.000000e+00,-0.000000e+00,0.000000e+00,0.000000e+00,-2.053518e-03,-2.032232e-03
   220,4.376307e-02,0.000000e+00,2.033266e-05,-2.033266e-03,-0.000000e+00,-0.000000e+00,-0.000000e+00,0.000000e+00,0.000000e+00,-2.063941e-03,-2.033266e-03
   221,4.396200e-02,0.000000e+00,2.034549e-05,-2.034549e-03,-0.000000e+00,-0.000000e+00,-0.000000e+00,0.000000e+00,0.000000e+00,-2.068378e-03,-2.034549e-03
   222,4.416092e-02,0.000000e+00,2.035829e-05,-2.035829e-03,-0.000000e+00,-0.000000e+00,0.000000e+00,0.000000e+00,0.000000e+00,-2.066348e-03,-2.035829e-03
   223,4.435984e-02,0.000000e+00,2.037026e-05,-2.037026e-03,-0.000000e+00,-0.000000e+00,0.000000e+00,0.000000e+00,0.000000e+00,-2.066645e-03,-2.037026e-03
   224,4.455877e-02,0.000000e+00,2.038233e-05,-2.038233e-03,-0.000000e+00,-0.000000e+00,-0.000000e+00,0.000000e+00,0.000000e+00,-2.069336e-03,-2.038233e-03
   225,4.475769e-02,0.000000e+00,2.039426e-05,-2.039426e-03,-0.000000e+00,-0.000000e+00,0.000000e+00,0.000000e+00,0.000000e+00,-2.068262e-03,-2.039426e-03
   226,4.495661e-02,0.000000e+00,2.040436e-05,-2.040436e-03,-0.000000e+00,-0.000000e+00,0.000000e+00,0.000000e+00,0.000000e+00,-2.062396e-03,-2.040436e-03
   227,4.515553e-02,0.000000e+00,2.041097e-05,-2.041097e-03,-0.000000e+00,-0.000000e+00,0.000000e+00,0.000000e+00,0.000000e+00,-2.052349e-03,-2.041097e-03
   228,4.535446e-02,0.000000e+00,2.041262e-05,-2.041262e-03,-0.000000e+00,0.000000e+00,0.000000e+00,0.000000e+00,0.000000e+00,-2.038324e-03,-2.041262e-03
   229,4.555338e-02,0.000000e+00,2.040826e-05,-2.040826e-03,-0.000000e+00,0.000000e+00,0.000000e+00,0.000000e+00,0.000000e+00,-2.021832e-03,-2.040826e-03
   230,4.575230e-02,0.000000e+00,2.039829e-05,-2.039829e-03,-0.000000e+00,0.000000e+00,0.000000e+00,0.000000e+00,0.000000e+00,-2.008729e-03,-2.039829e-03
   231,4.595123e-02,0.000000e+00,2.038472e-05,-2.038472e-03,-0.000000e+00,0.000000e+00,0.000000e+00,0.000000e+00,0.000000e+00,-2.001318e-03,-2.038472e-03
   232,4.615015e-02,0.000000e+00,2.036885e-05,-2.036885e-03,-0.000000e+00,0.000000e+00,0.000000e+00,0.000000e+00,0.000000e+00,-1.994277e-03,-2.036885e-03
   233,4.634907e-02,0.000000e+00,2.035042e-05,-2.035042e-03,-0.000000e+00,0.000000e+00,0.000000e+00,0.000000e+00,0.000000e+00,-1.985022e-03,-2.035042e-03
   234,4.654800e-02,0.000000e+00,2.032889e-05,-2.032889e-03,-0.000000e+00,0.000000e+00,0.000000e+00,0.000000e+00,0.000000e+00,-1.974679e-03,-2.032889e-03
   235,4.674692e-02,0.000000e+00,2.030441e-05,-2.030441e-03,-0.000000e+00,0.000000e+00,0.000000e+00,0.000000e+00,0.000000e+00,-1.965567e-03,-2.030441e-03
   236,4.694584e-02,0.000000e+00,2.027788e-05,-2.027788e-03,-0.000000e+00,0.000000e+00,0.000000e+00,0.000000e+00,0.000000e+00,-1.959270e-03,-2.027788e-03
   237,4.714477e-02,0.000000e+00,2.025052e-05,-2.025052e-03,-0.000000e+00,0.000000e+00,-0.000000e+00,0.000000e+00,0.000000e+00,-1.956052e-03,-2.025052e-03
   238,4.734369e-02,0.000000e+00,2.022372e-05,-2.022372e-03,-0.000000e+00,0.000000e+00,-0.000000e+00,0.000000e+00,0.000000e+00,-1.956633e-03,-2.022372e-03
   239,4.754261e-02,0.000000e+00,2.019836e-05,-2.019836e-03,-0.000000e+00,0.000000e+00,-0.000000e+00,0.000000e+00,0.000000e+00,-1.958098e-03,-2.019836e-03
   240,4.774153e-02,0.000000e+00,2.017405e-05,-2.017405e-03,-0.000000e+00,0.000000e+00,-0.000000e+00,0.000000e+00,0.000000e+00,-1.956947e-03,-2.017405e-03
   241,4.794046e-02,0.000000e+00,2.014974e-05,-2.014974e-03,-0.000000e+00,0.000000e+00,0.000000e+00,0.000000e+00,0.000000e+00,-1.953213e-03,-2.014974e-03
   242,4.813938e-02,0.000000e+00,2.012470e-05,-2.012470e-03,-0.000000e+00,0.000000e+00,0.000000e+00,0.000000e+00,0.000000e+00,-1.948338e-03,-2.012470e-03
   243,4.833830e-02,0.000000e+00,2.009876e-05,-2.009876e-03,-0.000000e+00,0.000000e+00,0.000000e+00,0.000000e+00,0.000000e+00,-1.943635e-03,-2.009876e-03
   244,4.853723e-02,0.000000e+00,2.007153e-05,-2.007153e-03,-0.000000e+00,0.000000e+00,0.000000e+00,0.000000e+00,0.000000e+00,-1.936482e-03,-2.007153e-03
   245,4.873615e-02,0.000000e+00,2.004150e-05,-2.004150e-03,-0.000000e+00,0.000000e+00,0.000000e+00,0.000000e+00,0.000000e+00,-1.923890e-03,-2.004150e-03
   246,4.893507e-02,0.000000e+00,2.000699e-05,-2.000699e-03,-0.000000e+00,0.000000e+00,0.000000e+00,0.000000e+00,0.000000e+00,-1.907439e-03,-2.000699e-03
   247,4.913400e-02,0.000000e+00,1.996731e-05,-1.996731e-03,-0.000000e+00,0.000000e+00,0.000000e+00,0.000000e+00,0.000000e+00,-1.890510e-03,-1.996731e-03
   248,4.933292e-02,0.000000e+00,1.992283e-05,-1.992283e-03,-0.000000e+00,0.000000e+00,0.000000e+00,0.000000e+00,0.000000e+00,-1.874912e-03,-1.992283e-03
   249,4.953184e-02,0.000000e+00,1.987399e-05,-1.987399e-03,-0.000000e+00,0.000000e+00,0.000000e+00,0.000000e+00,0.000000e+00,-1.859253e-03,-1.987399e-03
   250,4.973077e-02,0.000000e+00,1.982092e-05,-1.982092e-03,-0.000000e+00,0.000000e+00,0.000000e+00,0.000000e+00,0.000000e+00,-1.843454e-03,-1.982092e-03
   251,4.992969e-02,0.000000e+00,1.976420e-05,-1.976420e-03,-0.000000e+00,0.000000e+00,0.000000e+00,0.000000e+00,0.000000e+00,-1.829914e-03,-1.976420e-03
   252,5.012861e-02,0.000000e+00,1.970504e-05,-1.970504e-03,-0.000000e+00,0.000000e+00,0.000000e+00,0.000000e+00,0.000000e+00,-1.819609e-03,-1.970504e-03
   253,5.032753e-02,0.000000e+00,1.964488e-05,-1.964488e-03,-0.000000e+00,0.000000e+00,-0.000000e+00,0.000000e+00,0.000000e+00,-1.812982e-03,-1.964488e-03
   254,5.052646e-02,0.000000e+00,1.958528e-05,-1.958528e-03,-0.000000e+00,0.000000e+00,-0.000000e+00,0.000000e+00,0.000000e+00,-1.810391e-03,-1.958528e-03
   255,5.072538e-02,0.000000e+00,1.952777e-05,-1.952777e-03,-0.000000e+00,0.000000e+00,-0.000000e+00,0.000000e+00,0.000000e+00,-1.811818e-03,-1.952777e-03
   256,5.092430e-02,0.000000e+00,1.947343e-05,-1.947343e-03,-0.000000e+00,0.000000e+00,-0.000000e+00,0.000000e+00,0.000000e+00,-1.815153e-03,-1.947343e-03
   257,5.112323e-02,0.000000e+00,1.942205e-05,-1.942205e-03,-0.000000e+00,0.000000e+00,-0.000000e+00,0.000000e+00,0.000000e+00,-1.816061e-03,-1.942205e-03
   258,5.132215e-02,0.000000e+00,1.937212e-05,-1.937212e-03,-0.000000e+00,0.000000e+00,0.000000e+00,0.000000e+00,0.000000e+00,-1.812390e-03,-1.937212e-03
   259,5.152107e-02,0.000000e+00,1.932188e-05,-1.932188e-03,-0.000000e+00,0.000000e+00,0.000000e+00,0.000000e+00,0.000000e+00,-1.804418e-03,-1.932188e-03
   260,5.172000e-02,0.000000e+00,1.926982e-05,-1.926982e-03,-0.000000e+00,0.000000e+00,0.000000e+00,0.000000e+00,0.000000e+00,-1.793086e-03,-1.926982e-03
   261,5.191892e-02,0.000000e+00,1.921478e-05,-1.921478e-03,-0.000000e+00,0.000000e+00,0.000000e+00,0.000000e+00,0.000000e+00,-1.778667e-03,-1.921478e-03
   262,5.211784e-02,0.000000e+00,1.915558e-05,-1.915558e-03,-0.000000e+00,0.000000e+00,0.000000e+00,0.000000e+00,0.000000e+00,-1.760772e-03,-1.915558e-03
   263,5.231677e-02,0.000000e+00,1.909119e-05,-1.909119e-03,-0.000000e+00,0.000000e+00,0.000000e+00,0.000000e+00,0.000000e+00,-1.740217e-03,-1.909119e-03
   264,5.251569e-02,0.000000e+00,1.902107e-05,-1.902107e-03,-0.000000e+00,0.000000e+00,0.000000e+00,0.000000e+00,0.000000e+00,-1.718516e-03,-1.902107e-03
   265,5.271461e-02,0.000000e+00,1.894534e-05,-1.894534e-03,-0.000000e+00,0.000000e+00,0.000000e+00,0.000000e+00,0.000000e+00,-1.697406e-03,-1.894534e-03
   266,5.291353e-02,0.000000e+00,1.886454e-05,-1.886454e-03,-0.000000e+00,0.000000e+00,0.000000e+00,0.000000e+00,0.000000e+00,-1.677388e-03,-1.886454e-03
   267,5.311246e-02,0.000000e+00,1.877918e-05,-1.877918e-03,-0.000000e+00,0.000000e+00,0.000000e+00,0.000000e+00,0.000000e+00,-1.657882e-03,-1.877918e-03
   268,5.331138e-02,0.000000e+00,1.868995e-05,-1.868995e-03,-0.000000e+00,0.000000e+00,0.000000e+00,0.000000e+00,0.000000e+00,-1.640455e-03,-1.868995e-03
   269,5.351030e-02,0.000000e+00,1.859835e-05,-1.859835e-03,-0.000000e+00,0.000000e+00,0.000000e+00,0.000000e+00,0.000000e+00,-1.627886e-03,-1.859835e-03
   270,5.370923e-02,0.000000e+00,1.850648e-05,-1.850648e-03,-0.000000e+00,0.000000e+00,-0.000000e+00,0.000000e+00,0.000000e+00,-1.620754e-03,-1.850648e-03
   271,5.390815e-02,0.000000e+00,1.841574e-05,-1.841574e-03,-0.000000e+00,0.000000e+00,-0.000000e+00,0.000000e+00,0.000000e+00,-1.615326e-03,-1.841574e-03
   272,5.410707e-02,0.000000e+00,1.832579e-05,-1.832579e-03,-0.000000e+00,0.000000e+00,-0.000000e+00,0.000000e+00,0.000000e+00,-1.606670e-03,-1.832579e-03
   273,5.430600e-02,0.000000e+00,1.823520e-05,-1.823520e-03,-0.000000e+00,0.000000e+00,0.000000e+00,0.000000e+00,0.000000e+00,-1.594013e-03,-1.823520e-03
   274,5.450492e-02,0.000000e+00,1.814297e-05,-1.814297e-03,-0.000000e+00,0.000000e+00,0.000000e+00,0.000000e+00,0.000000e+00,-1.580146e-03,-1.814297e-03
   275,5.470384e-02,0.000000e+00,1.804917e-05,-1.804917e-03,-0.000000e+00,0.000000e+00,0.000000e+00,0.000000e+00,0.000000e+00,-1.567523e-03,-1.804917e-03
   276,5.490277e-02,0.000000e+00,1.795411e-05,-1.795411e-03,-0.000000e+00,0.000000e+00,0.000000e+00,0.000000e+00,0.000000e+00,-1.554928e-03,-1.795411e-03
   277,5.510169e-02,0.000000e+00,1.785729e-05,-1.785729e-03,-0.000000e+00,0.000000e+00,0.000000e+00,0.000000e+00,0.000000e+00,-1.539525e-03,-1.785729e-03
   278,5.530061e-02,0.000000e+00,1.775744e-05,-1.775744e-03,-0.000000e+00,0.000000e+00,0.000000e+00,0.000000e+00,0.000000e+00,-1.519985e-03,-1.775744e-03
   279,5.549953e-02,0.000000e+00,1.765287e-05,-1.765287e-03,-0.000000e+00,0.000000e+00,0.000000e+00,0.000000e+00,0.000000e+00,-1.495363e-03,-1.765287e-03
   280,5.569846e-02,0.000000e+00,1.754216e-05,-1.754216e-03,-0.000000e+00,0.000000e+00,0.000000e+00,0.000000e+00,0.000000e+00,-1.467575e-03,-1.754216e-03
   281,5.589738e-02,0.000000e+00,1.742524e-05,-1.742524e-03,-0.000000e+00,0.000000e+00,0.000000e+00,0.000000e+00,0.000000e+00,-1.441416e-03,-1.742524e-03
   282,5.609630e-02,0.000000e+00,1.730332e-05,-1.730332e-03,-0.000000e+00,0.000000e+00,0.000000e+00,0.000000e+00,0.000000e+00,-1.418510e-03,-1.730332e-03
   283,5.629523e-02,0.000000e+00,1.717729e-05,-1.717729e-03,-0.000000e+00,0.000000e+00,0.000000e+00,0.000000e+00,0.000000e+00,-1.396038e-03,-1.717729e-03
   284,5.649415e-02,0.000000e+00,1.704707e-05,-1.704707e-03,-0.000000e+00,0.000000e+00,0.000000e+00,0.000000e+00,0.000000e+00,-1.371745e-03,-1.704707e-03
   285,5.669307e-02,0.000000e+00,1.691256e-05,-1.691256e-03,-0.000000e+00,0.000000e+00,0.000000e+00,0.000000e+00,0.000000e+00,-1.348039e-03,-1.691256e-03
   286,5.689200e-02,0.000000e+00,1.677472e-05,-1.677472e-03,-0.000000e+00,0.000000e+00,0.000000e+00,0.000000e+00,0.000000e+00,-1.327753e-03,-1.677472e-03
   287,5.709092e-02,0.000000e+00,1.663484e-05,-1.663484e-03,-0.000000e+00,0.000000e+00,0.000000e+00,0.000000e+00,0.000000e+00,-1.310036e-03,-1.663484e-03
   288,5.728984e-02,0.000000e+00,1.649383e-05,-1.649383e-03,-0.000000e+00,0.000000e+00,0.000000e+00,0.000000e+00,0.000000e+00,-1.293927e-03,-1.649383e-03
   289,5.748876e-02,0.000000e+00,1.635245e-05,-1.635245e-03,-0.000000e+00,0.000000e+00,-0.000000e+00,0.000000e+00,0.000000e+00,-1.279995e-03,-1.635245e-03
   290,5.768769e-02,0.000000e+00,1.621152e-05,-1.621152e-03,-0.000000e+00,0.000000e+00,-0.000000e+00,0.000000e+00,0.000000e+00,-1.267918e-03,-1.621152e-03
   291,5.788661e-02,0.000000e+00,1.607120e-05,-1.607120e-03,-0.000000e+00,0.000000e+00,-0.000000e+00,0.000000e+00,0.000000e+00,-1.254962e-03,-1.607120e-03
   292,5.808553e-02,0.000000e+00,1.593072e-05,-1.593072e-03,-0.000000e+00,0.000000e+00,0.000000e+00,0.000000e+00,0.000000e+00,-1.239052e-03,-1.593072e-03
   293,5.828446e-02,0.000000e+00,1.578932e-05,-1.578932e-03,-0.000000e+00,0.000000e+00,0.000000e+00,0.000000e+00,0.000000e+00,-1.222129e-03,-1.578932e-03
   294,5.848338e-02,0.000000e+00,1.564703e-05,-1.564703e-03,-0.000000e+00,0.000000e+00,0.000000e+00,0.000000e+00,0.000000e+00,-1.206207e-03,-1.564703e-03
   295,5.868230e-02,0.000000e+00,1.550382e-05,-1.550382e-03,-0.000000e+00,0.000000e+00,0.000000e+00,0.000000e+00,0.000000e+00,-1.188906e-03,-1.550382e-03
   296,5.888123e-02,0.000000e+00,1.535825e-05,-1.535825e-03,-0.000000e+00,0.000000e+00,0.000000e+00,0.000000e+00,0.000000e+00,-1.165531e-03,-1.535825e-03
   297,5.908015e-02,0.000000e+00,1.520796e-05,-1.520796e-03,-0.000000e+00,0.000000e+00,0.000000e+00,0.000000e+00,0.000000e+00,-1.135581e-03,-1.520796e-03
   298,5.927907e-02,0.000000e+00,1.505160e-05,-1.505160e-03,-0.000000e+00,0.000000e+00,0.000000e+00,0.000000e+00,0.000000e+00,-1.104318e-03,-1.505160e-03
   299,5.947800e-02,0.000000e+00,1.488963e-05,-1.488963e-03,-0.000000e+00,0.000000e+00,0.000000e+00,0.000000e+00,0.000000e+00,-1.075563e-03,-1.488963e-03
   300,5.967692e-02,0.000000e+00,1.472308e-05,-1.472308e-03,-0.000000e+00,0.000000e+00,0.000000e+00,0.000000e+00,0.000000e+00,-1.048454e-03,-1.472308e-03
   301,5.987584e-02,0.000000e+00,1.455257e-05,-1.455257e-03,-0.000000e+00,0.000000e+00,0.000000e+00,0.000000e+00,0.000000e+00,-1.021962e-03,-1.455257e-03
   302,6.007476e-02,0.000000e+00,1.437881e-05,-1.437881e-03,-0.000000e+00,0.000000e+00,0.000000e+00,0.000000e+00,0.000000e+00,-9.976461e-04,-1.437881e-03
   303,6.027369e-02,0.000000e+00,1.420300e-05,-1.420300e-03,-0.000000e+00,0.000000e+00,0.000000e+00,0.000000e+00,0.000000e+00,-9.767365e-04,-1.420300e-03
   304,6.047261e-02,0.000000e+00,1.402635e-05,-1.402635e-03,-0.000000e+00,0.000000e+00,-0.000000e+00,0.000000e+00,0.000000e+00,-9.581749e-04,-1.402635e-03
   305,6.067153e-02,0.000000e+00,1.384984e-05,-1.384984e-03,-0.000000e+00,0.000000e+00,-0.000000e+00,0.000000e+00,0.000000e+00,-9.421353e-04,-1.384984e-03
   306,6.087046e-02,0.000000e+00,1.367472e-05,-1.367472e-03,-0.000000e+00,0.000000e+00,-0.000000e+00,0.000000e+00,0.000000e+00,-9.299843e-04,-1.367472e-03
   307,6.106938e-02,0.000000e+00,1.350220e-05,-1.350220e-03,-0.000000e+00,0.000000e+00,-0.000000e+00,0.000000e+00,0.000000e+00,-9.204325e-04,-1.350220e-03
   308,6.126830e-02,0.000000e+00,1.333258e-05,-1.333258e-03,-0.000000e+00,0.000000e+00,-0.000000e+00,0.000000e+00,0.000000e+00,-9.103389e-04,-1.333258e-03
   309,6.146723e-02,0.000000e+00,1.316512e-05,-1.316512e-03,-0.000000e+00,0.000000e+00,-0.000000e+00,0.000000e+00,0.000000e+00,-8.976095e-04,-1.316512e-03
   310,6.166615e-02,0.000000e+00,1.299861e-05,-1.299861e-03,-0.000000e+00,0.000000e+00,0.000000e+00,0.000000e+00,0.000000e+00,-8.817057e-04,-1.299861e-03
   311,6.186507e-02,0.000000e+00,1.283168e-05,-1.283168e-03,-0.000000e+00,0.000000e+00,0.000000e+00,0.000000e+00,0.000000e+00,-8.621730e-04,-1.283168e-03
   312,6.206400e-02,0.000000e+00,1.266296e-05,-1.266296e-03,-0.000000e+00,0.000000e+00,0.000000e+00,0.000000e+00,0.000000e+00,-8.390846e-04,-1.266296e-03
   313,6.226292e-02,0.000000e+00,1.249140e-05,-1.249140e-03,-0.000000e+00,0.000000e+00,0.000000e+00,0.000000e+00,0.000000e+00,-8.139283e-04,-1.249140e-03
   314,6.246184e-02,0.000000e+00,1.231650e-05,-1.231650e-03,-0.000000e+00,0.000000e+00,0.000000e+00,0.000000e+00,0.000000e+00,-7.876128e-04,-1.231650e-03
   315,6.266076e-02,0.000000e+00,1.213796e-05,-1.213796e-03,-0.000000e+00,0.000000e+00,0.000000e+00,0.000000e+00,0.000000e+00,-7.603246e-04,-1.213796e-03
   316,6.285969e-02,0.000000e+00,1.195574e-05,-1.195574e-03,-0.000000e+00,0.000000e+00,0.000000e+00,0.000000e+00,0.000000e+00,-7.330202e-04,-1.195574e-03
   317,6.305861e-02,0.000000e+00,1.177023e-05,-1.177023e-03,-0.000000e+00,0.000000e+00,0.000000e+00,0.000000e+00,0.000000e+00,-7.069944e-04,-1.177023e-03
   318,6.325753e-02,0.000000e+00,1.158211e-05,-1.158211e-03,-0.000000e+00,0.000000e+00,0.000000e+00,0.000000e+00,0.000000e+00,-6.825349e-04,-1.158211e-03
   319,6.345646e-02,0.000000e+00,1.139207e-05,-1.139207e-03,-0.000000e+00,0.000000e+00,0.000000e+00,0.000000e+00,0.000000e+00,-6.595598e-04,-1.139207e-03
   320,6.365538e-02,0.000000e+00,1.120114e-05,-1.120114e-03,-0.000000e+00,0.000000e+00,-0.000000e+00,0.000000e+00,0.000000e+00,-6.399116e-04,-1.120114e-03
   321,6.385430e-02,0.000000e+00,1.101096e-05,-1.101096e-03,-0.000000e+00,0.000000e+00,-0.000000e+00,0.000000e+00,0.000000e+00,-6.252522e-04,-1.101096e-03
   322,6.405323e-02,0.000000e+00,1.082307e-05,-1.082307e-03,-0.000000e+00,0.000000e+00,-0.000000e+00,0.000000e+00,0.000000e+00,-6.136224e-04,-1.082307e-03
   323,6.425215e-02,0.000000e+00,1.063783e-05,-1.063783e-03,-0.000000e+00,0.000000e+00,-0.000000e+00,0.000000e+00,0.000000e+00,-6.012464e-04,-1.063783e-03
   324,6.445107e-02,0.000000e+00,1.045449e-05,-1.045449e-03,-0.000000e+00,0.000000e+00,-0.000000e+00,0.000000e+00,0.000000e+00,-5.863425e-04,-1.045449e-03
   325,6.465000e-02,0.000000e+00,1.027229e-05,-1.027229e-03,-0.000000e+00,0.000000e+00,-0.000000e+00,0.000000e+00,0.000000e+00,-5.704174e-04,-1.027229e-03
   326,6.484892e-02,0.000000e+00,1.009112e-05,-1.009112e-03,-0.000000e+00,0.000000e+00,-0.000000e+00,0.000000e+00,0.000000e+00,-5.551514e-04,-1.009112e-03
   327,6.504784e-02,0.000000e+00,9.910943e-06,-9.910943e-04,-0.000000e+00,0.000000e+00,-0.000000e+00,0.000000e+00,0.000000e+00,-5.392862e-04,-9.910943e-04
   328,6.524676e-02,0.000000e+00,9.730934e-06,-9.730934e-04,-0.000000e+00,0.000000e+00,0.000000e+00,0.000000e+00,0.000000e+00,-5.199857e-04,-9.730934e-04
   329,6.544569e-02,0.000000e+00,9.549547e-06,-9.549547e-04,-0.000000e+00,0.000000e+00,0.000000e+00,0.000000e+00,0.000000e+00,-4.962153e-04,-9.549547e-04
   330,6.564461e-02,0.000000e+00,9.365476e-06,-9.365476e-04,-0.000000e+00,0.000000e+00,0.000000e+00,0.000000e+00,0.000000e+00,-4.699516e-04,-9.365476e-04
   331,6.584353e-02,0.000000e+00,9.178214e-06,-9.178214e-04,-0.000000e+00,0.000000e+00,0.000000e+00,0.000000e+00,0.000000e+00,-4.430393e-04,-9.178214e-04
   332,6.604246e-02,0.000000e+00,8.987649e-06,-8.987649e-04,-0.000000e+00,0.000000e+00,0.000000e+00,0.000000e+00,0.000000e+00,-4.155606e-04,-8.987649e-04
   333,6.624138e-02,0.000000e+00,8.793751e-06,-8.793751e-04,-0.000000e+00,0.000000e+00,0.000000e+00,0.000000e+00,0.000000e+00,-3.878412e-04,-8.793751e-04
   334,6.644030e-02,0.000000e+00,8.596676e-06,-8.596676e-04,-0.000000e+00,0.000000e+00,0.000000e+00,0.000000e+00,0.000000e+00,-3.604914e-04,-8.596676e-04
   335,6.663923e-02,0.000000e+00,8.396713e-06,-8.396713e-04,-0.000000e+00,0.000000e+00,0.000000e+00,0.000000e+00,0.000000e+00,-3.336202e-04,-8.396713e-04
   336,6.683815e-02,0.000000e+00,8.194179e-06,-8.194179e-04,-0.000000e+00,0.000000e+00,0.000000e+00,0.000000e+00,0.000000e+00,-3.073159e-04,-8.194179e-04
   337,6.703707e-02,0.000000e+00,7.989620e-06,-7.989620e-04,-0.000000e+00,0.000000e+00,0.000000e+00,0.000000e+00,0.000000e+00,-2.827316e-04,-7.989620e-04
   338,6.723599e-02,0.000000e+00,7.784110e-06,-7.784110e-04,-0.000000e+00,0.000000e+00,-0.000000e+00,0.000000e+00,0.000000e+00,-2.615280e-04,-7.784110e-04
   339,6.743492e-02,0.000000e+00,7.578995e-06,-7.578995e-04,-0.000000e+00,0.000000e+00,-0.000000e+00,0.000000e+00,0.000000e+00,-2.436551e-04,-7.578995e-04
   340,6.763384e-02,0.000000e+00,7.375311e-06,-7.375311e-04,-0.000000e+00,0.000000e+00,-0.000000e+00,0.000000e+00,0.000000e+00,-2.278421e-04,-7.375311e-04
   341,6.783276e-02,0.000000e+00,7.173514e-06,-7.173514e-04,-0.000000e+00,0.000000e+00,-0.000000e+00,0.000000e+00,0.000000e+00,-2.125948e-04,-7.173514e-04
   342,6.803169e-02,0.000000e+00,6.973442e-06,-6.973442e-04,-0.000000e+00,0.000000e+00,-0.000000e+00,0.000000e+00,0.000000e+00,-1.963231e-04,-6.973442e-04
   343,6.823061e-02,0.000000e+00,6.774531e-06,-6.774531e-04,-0.000000e+00,0.000000e+00,-0.000000e+00,0.000000e+00,0.000000e+00,-1.785379e-04,-6.774531e-04
   344,6.842953e-02,0.000000e+00,6.576260e-06,-6.576260e-04,-0.000000e+00,0.000000e+00,-0.000000e+00,0.000000e+00,0.000000e+00,-1.598170e-04,-6.576260e-04
   345,6.862846e-02,0.000000e+00,6.378300e-06,-6.378300e-04,-0.000000e+00,0.000000e+00,0.000000e+00,0.000000e+00,0.000000e+00,-1.404803e-04,-6.378300e-04
   346,6.882738e-02,0.000000e+00,6.180153e-06,-6.180153e-04,-0.000000e+00,0.000000e+00,0.000000e+00,0.000000e+00,0.000000e+00,-1.192679e-04,-6.180153e-04
   347,6.902630e-02,0.000000e+00,5.980707e-06,-5.980707e-04,-0.000000e+00,0.000000e+00,0.000000e+00,0.000000e+00,0.000000e+00,-9.418813e-05,-5.980707e-04
   348,6.922523e-02,0.000000e+00,5.778445e-06,-5.778445e-04,-0.000000e+00,0.000000e+00,0.000000e+00,0.000000e+00,0.000000e+00,-6.494131e-05,-5.778445e-04
   349,6.942415e-02,0.000000e+00,5.572109e-06,-5.572109e-04,-0.000000e+00,0.000000e+00,0.000000e+00,0.000000e+00,0.000000e+00,-3.285068e-05,-5.572109e-04
   350,6.962307e-02,0.000000e+00,5.361135e-06,-5.361135e-04,-0.000000e+00,0.000000e+00,0.000000e+00,0.000000e+00,0.000000e+00,1.104166e-07,-5.361135e-04
   351,6.982199e-02,0.000000e+00,5.145739e-06,-5.145739e-04,-0.000000e+00,0.000000e+00,0.000000e+00,0.000000e+00,0.000000e+00,3.200833e-05,-5.145739e-04
   352,7.002092e-02,0.000000e+00,4.926767e-06,-4.926767e-04,-0.000000e+00,0.000000e+00,0.000000e+00,0.000000e+00,0.000000e+00,6.152816e-05,-4.926767e-04
   353,7.021984e-02,0.000000e+00,4.705414e-06,-4.705414e-04,-0.000000e+00,0.000000e+00,0.000000e+00,0.000000e+00,0.000000e+00,8.801313e-05,-4.705414e-04
   354,7.041876e-02,0.000000e+00,4.482877e-06,-4.482877e-04,-0.000000e+00,0.000000e+00,-0.000000e+00,0.000000e+00,0.000000e+00,1.118683e-04,-4.482877e-04
   355,7.061769e-02,0.000000e+00,4.260146e-06,-4.260146e-04,-0.000000e+00,0.000000e+00,-0.000000e+00,0.000000e+00,0.000000e+00,1.335148e-04,-4.260146e-04
   356,7.081661e-02,0.000000e+00,4.038192e-06,-4.038192e-04,-0.000000e+00,0.000000e+00,-0.000000e+00,0.000000e+00,0.000000e+00,1.524276e-04,-4.038192e-04
   357,7.101553e-02,0.000000e+00,3.818060e-06,-3.818060e-04,-0.000000e+00,0.000000e+00,-0.000000e+00,0.000000e+00,0.000000e+00,1.685656e-04,-3.818060e-04
   358,7.121446e-02,0.000000e+00,3.600504e-06,-3.600504e-04,-0.000000e+00,0.000000e+00,-0.000000e+00,0.000000e+00,0.000000e+00,1.832458e-04,-3.600504e-04
   359,7.141338e-02,0.000000e+00,3.385685e-06,-3.385685e-04,-0.000000e+00,0.000000e+00,-0.000000e+00,0.000000e+00,0.000000e+00,1.980479e-04,-3.385685e-04
   360,7.161230e-02,0.000000e+00,3.173331e-06,-3.173331e-04,-0.000000e+00,0.000000e+00,-0.000000e+00,0.000000e+00,0.000000e+00,2.135698e-04,-3.173331e-04
   361,7.181123e-02,0.000000e+00,2.962895e-06,-2.962895e-04,-0.000000e+00,0.000000e+00,-0.000000e+00,0.000000e+00,0.000000e+00,2.306811e-04,-2.962895e-04
   362,7.201015e-02,0.000000e+00,2.753240e-06,-2.753240e-04,-0.000000e+00,0.000000e+00,0.000000e+00,0.000000e+00,0.000000e+00,2.516567e-04,-2.753240e-04
   363,7.220907e-02,0.000000e+00,2.542606e-06,-2.542606e-04,-0.000000e+00,0.000000e+00,0.000000e+00,0.000000e+00,0.000000e+00,2.776317e-04,-2.542606e-04
   364,7.240799e-02,0.000000e+00,2.329439e-06,-2.329439e-04,-0.000000e+00,0.000000e+00,0.000000e+00,0.000000e+00,0.000000e+00,3.067674e-04,-2.329439e-04
   365,7.260692e-02,0.000000e+00,2.113126e-06,-2.113126e-04,-0.000000e+00,0.000000e+00,0.000000e+00,0.000000e+00,0.000000e+00,3.363951e-04,-2.113126e-04
   366,7.280584e-02,0.000000e+00,1.893704e-06,-1.893704e-04,-0.000000e+00,0.000000e+00,0.000000e+00,0.000000e+00,0.000000e+00,3.659720e-04,-1.893704e-04
   367,7.300476e-02,0.000000e+00,1.671161e-06,-1.671161e-04,-0.000000e+00,0.000000e+00,0.000000e+00,0.000000e+00,0.000000e+00,3.962813e-04,-1.671161e-04
   368,7.320369e-02,0.000000e+00,1.445504e-06,-1.445504e-04,-0.000000e+00,0.000000e+00,0.000000e+00,0.000000e+00,0.000000e+00,4.264474e-04,-1.445504e-04
   369,7.340261e-02,0.000000e+00,1.217303e-06,-1.217303e-04,-0.000000e+00,0.000000e+00,0.000000e+00,0.000000e+00,0.000000e+00,4.544526e-04,-1.217303e-04
   370,7.360153e-02,0.000000e+00,9.876951e-07,-9.876951e-05,-0.000000e+00,0.000000e+00,0.000000e+00,0.000000e+00,0.000000e+00,4.793020e-04,-9.876951e-05
   371,7.380046e-02,0.000000e+00,7.579869e-07,-7.579869e-05,-0.000000e+00,0.000000e+00,-0.000000e+00,0.000000e+00,0.000000e+00,5.008893e-04,-7.579869e-05
   372,7.399938e-02,0.000000e+00,5.294792e-07,-5.294792e-05,-0.000000e+00,0.000000e+00,-0.000000e+00,0.000000e+00,0.000000e+00,5.190878e-04,-5.294792e-05
   373,7.419830e-02,0.000000e+00,3.033364e-07,-3.033364e-05,-0.000000e+00,0.000000e+00,-0.000000e+00,0.000000e+00,0.000000e+00,5.344663e-04,-3.033364e-05
   374,7.439723e-02,0.000000e+00,8.012158e-08,-8.012158e-06,-0.000000e+00,0.000000e+00,-0.000000e+00,0.000000e+00,0.000000e+00,5.493042e-04,-8.012158e-06
   375,7.459615e-02,0.000000e+00,-1.404504e-07,1.404504e-05,-0.000000e+00,0.000000e+00,-0.000000e+00,0.000000e+00,0.000000e+00,5.655590e-04,1.404504e-05
   376,7.479507e-02,0.000000e+00,-3.589161e-07,3.589161e-05,-0.000000e+00,0.000000e+00,-0.000000e+00,0.000000e+00,0.000000e+00,5.826200e-04,3.589161e-05
   377,7.499399e-02,0.000000e+00,-5.753915e-07,5.753915e-05,-0.000000e+00,0.000000e+00,-0.000000e+00,0.000000e+00,0.000000e+00,5.990477e-04,5.753915e-05
   378,7.519292e-02,0.000000e+00,-7.898610e-07,7.898610e-05,-0.000000e+00,0.000000e+00,-0.000000e+00,0.000000e+00,0.000000e+00,6.156305e-04,7.898610e-05
   379,7.539184e-02,0.000000e+00,-1.003039e-06,1.003039e-04,-0.000000e+00,0.000000e+00,-0.000000e+00,0.000000e+00,0.000000e+00,6.353223e-04,1.003039e-04
   380,7.559076e-02,0.000000e+00,-1.216504e-06,1.216504e-04,-0.000000e+00,0.000000e+00,0.000000e+00,0.000000e+00,0.000000e+00,6.597311e-04,1.216504e-04
   381,7.578969e-02,0.000000e+00,-1.431793e-06,1.431793e-04,-0.000000e+00,0.000000e+00,0.000000e+00,0.000000e+00,0.000000e+00,6.873708e-04,1.431793e-04
   382,7.598861e-02,0.000000e+00,-1.649668e-06,1.649668e-04,-0.000000e+00,0.000000e+00,0.000000e+00,0.000000e+00,0.000000e+00,7.160517e-04,1.649668e-04
   383,7.618753e-02,0.000000e+00,-1.870279e-06,1.870279e-04,-0.000000e+00,0.000000e+00,0.000000e+00,0.000000e+00,0.000000e+00,7.449673e-04,1.870279e-04
   384,7.638646e-02,0.000000e+00,-2.093629e-06,2.093629e-04,-0.000000e+00,0.000000e+00,0.000000e+00,0.000000e+00,0.000000e+00,7.742213e-04,2.093629e-04
   385,7.658538e-02,0.000000e+00,-2.319743e-06,2.319743e-04,-0.000000e+00,0.000000e+00,0.000000e+00,0.000000e+00,0.000000e+00,8.038057e-04,2.319743e-04
   386,7.678430e-02,0.000000e+00,-2.548641e-06,2.548641e-04,-0.000000e+00,0.000000e+00,0.000000e+00,0.000000e+00,0.000000e+00,8.337163e-04,2.548641e-04
   387,7.698322e-02,0.000000e+00,-2.780298e-06,2.780298e-04,-0.000000e+00,0.000000e+00,0.000000e+00,0.000000e+00,0.000000e+00,8.637370e-04,2.780298e-04
   388,7.718215e-02,0.000000e+00,-3.014368e-06,3.014368e-04,-0.000000e+00,0.000000e+00,0.000000e+00,0.000000e+00,0.000000e+00,8.924130e-04,3.014368e-04
   389,7.738107e-02,0.000000e+00,-3.249874e-06,3.249874e-04,-0.000000e+00,0.000000e+00,0.000000e+00,0.000000e+00,0.000000e+00,9.179194e-04,3.249874e-04
   390,7.757999e-02,0.000000e+00,-3.485464e-06,3.485464e-04,-0.000000e+00,0.000000e+00,-0.000000e+00,0.000000e+00,0.000000e+00,9.399419e-04,3.485464e-04
   391,7.777892e-02,0.000000e+00,-3.720024e-06,3.720024e-04,-0.000000e+00,0.000000e+00,-0.000000e+00,0.000000e+00,0.000000e+00,9.597523e-04,3.720024e-04
   392,7.797784e-02,0.000000e+00,-3.953042e-06,3.953042e-04,-0.000000e+00,0.000000e+00,-0.000000e+00,0.000000e+00,0.000000e+00,9.789547e-04,3.953042e-04
   393,7.817676e-02,0.000000e+00,-4.184607e-06,4.184607e-04,-0.000000e+00,0.000000e+00,-0.000000e+00,0.000000e+00,0.000000e+00,9.989004e-04,4.184607e-04
   394,7.837569e-02,0.000000e+00,-4.415279e-06,4.415279e-04,-0.000000e+00,0.000000e+00,-0.000000e+00,0.000000e+00,0.000000e+00,1.020694e-03,4.415279e-04
   395,7.857461e-02,0.000000e+00,-4.645822e-06,4.645822e-04,-0.000000e+00,0.000000e+00,0.000000e+00,0.000000e+00,0.000000e+00,1.044371e-03,4.645822e-04
   396,7.877353e-02,0.000000e+00,-4.876835e-06,4.876835e-04,-0.000000e+00,0.000000e+00,0.000000e+00,0.000000e+00,0.000000e+00,1.069215e-03,4.876835e-04
   397,7.897246e-02,0.000000e+00,-5.108862e-06,5.108862e-04,-0.000000e+00,0.000000e+00,0.000000e+00,0.000000e+00,0.000000e+00,1.095767e-03,5.108862e-04
   398,7.917138e-02,0.000000e+00,-5.342884e-06,5.342884e-04,-0.000000e+00,0.000000e+00,0.000000e+00,0.000000e+00,0.000000e+00,1.125851e-03,5.342884e-04
   399,7.937030e-02,0.000000e+00,-5.580389e-06,5.580389e-04,-0.000000e+00,0.000000e+00,0.000000e+00,0.000000e+00,0.000000e+00,1.160435e-03,5.580389e-04
   400,7.956922e-02,0.000000e+00,-5.822793e-06,5.822793e-04,-0.000000e+00,0.000000e+00,0.000000e+00,0.000000e+00,0.000000e+00,1.198462e-03,5.822793e-04
   401,7.976815e-02,0.000000e+00,-6.070845e-06,6.070845e-04,-0.000000e+00,0.000000e+00,0.000000e+00,0.000000e+00,0.000000e+00,1.237879e-03,6.070845e-04
   402,7.996707e-02,0.000000e+00,-6.324548e-06,6.324548e-04,-0.000000e+00,0.000000e+00,0.000000e+00,0.000000e+00,0.000000e+00,1.277039e-03,6.324548e-04
   403,8.016599e-02,0.000000e+00,-6.583379e-06,6.583379e-04,-0.000000e+00,0.000000e+00,0.000000e+00,0.000000e+00,0.000000e+00,1.314919e-03,6.583379e-04
   404,8.036492e-02,0.000000e+00,-6.846503e-06,6.846503e-04,-0.000000e+00,0.000000e+00,0.000000e+00,0.000000e+00,0.000000e+00,1.350811e-03,6.846503e-04
   405,8.056384e-02,0.000000e+00,-7.112807e-06,7.112807e-04,-0.000000e+00,0.000000e+00,0.000000e+00,0.000000e+00,0.000000e+00,1.383850e-03,7.112807e-04
   406,8.076276e-02,0.000000e+00,-7.380908e-06,7.380908e-04,-0.000000e+00,0.000000e+00,0.000000e+00,0.000000e+00,0.000000e+00,1.413284e-03,7.380908e-04
   407,8.096169e-02,0.000000e+00,-7.649385e-06,7.649385e-04,-0.000000e+00,0.000000e+00,-0.000000e+00,0.000000e+00,0.000000e+00,1.439396e-03,7.649385e-04
   408,8.116061e-02,0.000000e+00,-7.917147e-06,7.917147e-04,-0.000000e+00,0.000000e+00,-0.000000e+00,0.000000e+00,0.000000e+00,1.463318e-03,7.917147e-04
   409,8.135953e-02,0.000000e+00,-8.183589e-06,8.183589e-04,-0.000000e+00,0.000000e+00,-0.000000e+00,0.000000e+00,0.000000e+00,1.486178e-03,8.183589e-04
   410,8.155846e-02,0.000000e+00,-8.448516e-06,8.448516e-04,-0.000000e+00,0.000000e+00,-0.000000e+00,0.000000e+00,0.000000e+00,1.508839e-03,8.448516e-04
   411,8.175738e-02,0.000000e+00,-8.712124e-06,8.712124e-04,-0.000000e+00,0.000000e+00,-0.000000e+00,0.000000e+00,0.000000e+00,1.532397e-03,8.712124e-04
   412,8.195630e-02,0.000000e+00,-8.975124e-06,8.975124e-04,-0.000000e+00,0.000000e+00,0.000000e+00,0.000000e+00,0.000000e+00,1.558448e-03,8.975124e-04
   413,8.215522e-02,0.000000e+00,-9.238760e-06,9.238760e-04,-0.000000e+00,0.000000e+00,0.000000e+00,0.000000e+00,0.000000e+00,1.588259e-03,9.238760e-04
   414,8.235415e-02,0.000000e+00,-9.504512e-06,9.504512e-04,-0.000000e+00,0.000000e+00,0.000000e+00,0.000000e+00,0.000000e+00,1.622019e-03,9.504512e-04
   415,8.255307e-02,0.000000e+00,-9.773663e-06,9.773663e-04,-0.000000e+00,0.000000e+00,0.000000e+00,0.000000e+00,0.000000e+00,1.658839e-03,9.773663e-04
   416,8.275199e-02,0.000000e+00,-1.004702e-05,1.004702e-03,-0.000000e+00,0.000000e+00,0.000000e+00,0.000000e+00,0.000000e+00,1.697437e-03,1.004702e-03
   417,8.295092e-02,0.000000e+00,-1.032498e-05,1.032498e-03,-0.000000e+00,0.000000e+00,0.000000e+00,0.000000e+00,0.000000e+00,1.737048e-03,1.032498e-03
   418,8.314984e-02,0.000000e+00,-1.060766e-05,1.060766e-03,-0.000000e+00,0.000000e+00,0.000000e+00,0.000000e+00,0.000000e+00,1.777299e-03,1.060766e-03
   419,8.334876e-02,0.000000e+00,-1.089500e-05,1.089500e-03,-0.000000e+00,0.000000e+00,0.000000e+00,0.000000e+00,0.000000e+00,1.817415e-03,1.089500e-03
   420,8.354769e-02,0.000000e+00,-1.118649e-05,1.118649e-03,-0.000000e+00,0.000000e+00,0.000000e+00,0.000000e+00,0.000000e+00,1.856087e-03,1.118649e-03
   421,8.374661e-02,0.000000e+00,-1.148120e-05,1.148120e-03,-0.000000e+00,0.000000e+00,0.000000e+00,0.000000e+00,0.000000e+00,1.892203e-03,1.148120e-03
   422,8.394553e-02,0.000000e+00,-1.177791e-05,1.177791e-03,-0.000000e+00,0.000000e+00,0.000000e+00,0.000000e+00,0.000000e+00,1.925319e-03,1.177791e-03
   423,8.414446e-02,0.000000e+00,-1.207538e-05,1.207538e-03,-0.000000e+00,0.000000e+00,-0.000000e+00,0.000000e+00,0.000000e+00,1.955393e-03,1.207538e-03
   424,8.434338e-02,0.000000e+00,-1.237250e-05,1.237250e-03,-0.000000e+00,0.000000e+00,-0.000000e+00,0.000000e+00,0.000000e+00,1.983018e-03,1.237250e-03
   425,8.454230e-02,0.000000e+00,-1.266861e-05,1.266861e-03,-0.000000e+00,0.000000e+00,-0.000000e+00,0.000000e+00,0.000000e+00,2.009701e-03,1.266861e-03
   426,8.474122e-02,0.000000e+00,-1.296364e-05,1.296364e-03,-0.000000e+00,0.000000e+00,-0.000000e+00,0.000000e+00,0.000000e+00,2.036659e-03,1.296364e-03
   427,8.494015e-02,0.000000e+00,-1.325769e-05,1.325769e-03,-0.000000e+00,0.000000e+00,-0.000000e+00,0.000000e+00,0.000000e+00,2.063643e-03,1.325769e-03
   428,8.513907e-02,0.000000e+00,-1.355067e-05,1.355067e-03,-0.000000e+00,0.000000e+00,-0.000000e+00,0.000000e+00,0.000000e+00,2.090045e-03,1.355067e-03
   429,8.533799e-02,0.000000e+00,-1.384261e-05,1.384261e-03,-0.000000e+00,0.000000e+00,-0.000000e+00,0.000000e+00,0.000000e+00,2.116864e-03,1.384261e-03
   430,8.553692e-02,0.000000e+00,-1.413411e-05,1.413411e-03,-0.000000e+00,0.000000e+00,0.000000e+00,0.000000e+00,0.000000e+00,2.146208e-03,1.413411e-03
   431,8.573584e-02,0.000000e+00,-1.442638e-05,1.442638e-03,-0.000000e+00,0.000000e+00,0.000000e+00,0.000000e+00,0.000000e+00,2.179106e-03,1.442638e-03
   432,8.593476e-02,0.000000e+00,-1.472066e-05,1.472066e-03,-0.000000e+00,0.000000e+00,0.000000e+00,0.000000e+00,0.000000e+00,2.214959e-03,1.472066e-03
   433,8.613369e-02,0.000000e+00,-1.501781e-05,1.501781e-03,-0.000000e+00,0.000000e+00,0.000000e+00,0.000000e+00,0.000000e+00,2.252668e-03,1.501781e-03
   434,8.633261e-02,0.000000e+00,-1.531827e-05,1.531827e-03,-0.000000e+00,0.000000e+00,0.000000e+00,0.000000e+00,0.000000e+00,2.291397e-03,1.531827e-03
   435,8.653153e-02,0.000000e+00,-1.562218e-05,1.562218e-03,-0.000000e+00,0.000000e+00,0.000000e+00,0.000000e+00,0.000000e+00,2.330446e-03,1.562218e-03
   436,8.673045e-02,0.000000e+00,-1.592945e-05,1.592945e-03,-0.000000e+00,0.000000e+00,0.000000e+00,0.000000e+00,0.000000e+00,2.369367e-03,1.592945e-03
   437,8.692938e-02,0.000000e+00,-1.623991e-05,1.623991e-03,-0.000000e+00,0.000000e+00,0.000000e+00,0.000000e+00,0.000000e+00,2.408256e-03,1.623991e-03
   438,8.712830e-02,0.000000e+00,-1.655342e-05,1.655342e-03,-0.000000e+00,0.000000e+00,0.000000e+00,0.000000e+00,0.000000e+00,2.447148e-03,1.655342e-03
   439,8.732722e-02,0.000000e+00,-1.686972e-05,1.686972e-03,-0.000000e+00,0.000000e+00,0.000000e+00,0.000000e+00,0.000000e+00,2.485227e-03,1.686972e-03
   440,8.752615e-02,0.000000e+00,-1.718809e-05,1.718809e-03,-0.000000e+00,0.000000e+00,0.000000e+00,0.000000e+00,0.000000e+00,2.521027e-03,1.718809e-03
   441,8.772507e-02,0.000000e+00,-1.750736e-05,1.750736e-03,-0.000000e+00,0.000000e+00,-0.000000e+00,0.000000e+00,0.000000e+00,2.553483e-03,1.750736e-03
   442,8.792399e-02,0.000000e+00,-1.782620e-05,1.782620e-03,-0.000000e+00,0.000000e+00,-0.000000e+00,0.000000e+00,0.000000e+00,2.582717e-03,1.782620e-03
   443,8.812292e-02,0.000000e+00,-1.814360e-05,1.814360e-03,-0.000000e+00,0.000000e+00,-0.000000e+00,0.000000e+00,0.000000e+00,2.609852e-03,1.814360e-03
   444,8.832184e-02,0.000000e+00,-1.845909e-05,1.845909e-03,-0.000000e+00,0.000000e+00,-0.000000e+00,0.000000e+00,0.000000e+00,2.636417e-03,1.845909e-03
   445,8.852076e-02,0.000000e+00,-1.877280e-05,1.877280e-03,-0.000000e+00,0.000000e+00,-0.000000e+00,0.000000e+00,0.000000e+00,2.663817e-03,1.877280e-03
   446,8.871969e-02,0.000000e+00,-1.908529e-05,1.908529e-03,-0.000000e+00,0.000000e+00,-0.000000e+00,0.000000e+00,0.000000e+00,2.692889e-03,1.908529e-03
   447,8.891861e-02,0.000000e+00,-1.939731e-05,1.939731e-03,-0.000000e+00,0.000000e+00,0.000000e+00,0.000000e+00,0.000000e+00,2.723891e-03,1.939731e-03
   448,8.911753e-02,0.000000e+00,-1.970970e-05,1.970970e-03,-0.000000e+00,0.000000e+00,0.000000e+00,0.000000e+00,0.000000e+00,2.757215e-03,1.970970e-03
   449,8.931645e-02,0.000000e+00,-2.002356e-05,2.002356e-03,-0.000000e+00,0.000000e+00,0.000000e+00,0.000000e+00,0.000000e+00,2.793930e-03,2.002356e-03
   450,8.951538e-02,0.000000e+00,-2.034032e-05,2.034032e-03,-0.000000e+00,0.000000e+00,0.000000e+00,0.000000e+00,0.000000e+00,2.834839e-03,2.034032e-03
   451,8.971430e-02,0.000000e+00,-2.066137e-05,2.066137e-03,-0.000000e+00,0.000000e+00,0.000000e+00,0.000000e+00,0.000000e+00,2.879267e-03,2.066137e-03
   452,8.991322e-02,0.000000e+00,-2.098757e-05,2.098757e-03,-0.000000e+00,0.000000e+00,0.000000e+00,0.000000e+00,0.000000e+00,2.925435e-03,2.098757e-03
   453,9.011215e-02,0.000000e+00,-2.131906e-05,2.131906e-03,-0.000000e+00,0.000000e+00,0.000000e+00,0.000000e+00,0.000000e+00,2.971665e-03,2.131906e-03
   454,9.031107e-02,0.000000e+00,-2.165543e-05,2.165543e-03,-0.000000e+00,0.000000e+00,0.000000e+00,0.000000e+00,0.000000e+00,3.016731e-03,2.165543e-03
   455,9.050999e-02,0.000000e+00,-2.199581e-05,2.199581e-03,-0.000000e+00,0.000000e+00,0.000000e+00,0.000000e+00,0.000000e+00,3.059515e-03,2.199581e-03
   456,9.070892e-02,0.000000e+00,-2.233899e-05,2.233899e-03,-0.000000e+00,0.000000e+00,0.000000e+00,0.000000e+00,0.000000e+00,3.099181e-03,2.233899e-03
   457,9.090784e-02,0.000000e+00,-2.268364e-05,2.268364e-03,-0.000000e+00,0.000000e+00,0.000000e+00,0.000000e+00,0.000000e+00,3.135649e-03,2.268364e-03
   458,9.110676e-02,0.000000e+00,-2.302853e-05,2.302853e-03,-0.000000e+00,0.000000e+00,-0.000000e+00,0.000000e+00,0.000000e+00,3.169356e-03,2.302853e-03
   459,9.130569e-02,0.000000e+00,-2.337265e-05,2.337265e-03,-0.000000e+00,0.000000e+00,-0.000000e+00,0.000000e+00,0.000000e+00,3.200682e-03,2.337265e-03
   460,9.150461e-02,0.000000e+00,-2.371518e-05,2.371518e-03,-0.000000e+00,0.000000e+00,-0.000000e+00,0.000000e+00,0.000000e+00,3.230007e-03,2.371518e-03
   461,9.170353e-02,0.000000e+00,-2.405558e-05,2.405558e-03,-0.000000e+00,0.000000e+00,-0.000000e+00,0.000000e+00,0.000000e+00,3.258283e-03,2.405558e-03
   462,9.190245e-02,0.000000e+00,-2.439384e-05,2.439384e-03,-0.000000e+00,0.000000e+00,-0.000000e+00,0.000000e+00,0.000000e+00,3.287095e-03,2.439384e-03
   463,9.210138e-02,0.000000e+00,-2.473054e-05,2.473054e-03,-0.000000e+00,0.000000e+00,-0.000000e+00,0.000000e+00,0.000000e+00,3.317976e-03,2.473054e-03
   464,9.230030e-02,0.000000e+00,-2.506676e-05,2.506676e-03,-0.000000e+00,0.000000e+00,0.000000e+00,0.000000e+00,0.000000e+00,3.351936e-03,2.506676e-03
   465,9.249922e-02,0.000000e+00,-2.540377e-05,2.540377e-03,-0.000000e+00,0.000000e+00,0.000000e+00,0.000000e+00,0.000000e+00,3.389324e-03,2.540377e-03
   466,9.269815e-02,0.000000e+00,-2.574280e-05,2.574280e-03,-0.000000e+00,0.000000e+00,0.000000e+00,0.000000e+00,0.000000e+00,3.429635e-03,2.574280e-03
   467,9.289707e-02,0.000000e+00,-2.608466e-05,2.608466e-03,-0.000000e+00,0.000000e+00,0.000000e+00,0.000000e+00,0.000000e+00,3.471698e-03,2.608466e-03
   468,9.309599e-02,0.000000e+00,-2.642976e-05,2.642976e-03,-0.000000e+00,0.000000e+00,0.000000e+00,0.000000e+00,0.000000e+00,3.514557e-03,2.642976e-03
   469,9.329492e-02,0.000000e+00,-2.677824e-05,2.677824e-03,-0.000000e+00,0.000000e+00,0.000000e+00,0.000000e+00,0.000000e+00,3.558076e-03,2.677824e-03
   470,9.349384e-02,0.000000e+00,-2.713020e-05,2.713020e-03,-0.000000e+00,0.000000e+00,0.000000e+00,0.000000e+00,0.000000e+00,3.602078e-03,2.713020e-03
   471,9.369276e-02,0.000000e+00,-2.748542e-05,2.748542e-03,-0.000000e+00,0.000000e+00,0.000000e+00,0.000000e+00,0.000000e+00,3.645213e-03,2.748542e-03
   472,9.389169e-02,0.000000e+00,-2.784307e-05,2.784307e-03,-0.000000e+00,0.000000e+00,0.000000e+00,0.000000e+00,0.000000e+00,3.685562e-03,2.784307e-03
   473,9.409061e-02,0.000000e+00,-2.820179e-05,2.820179e-03,-0.000000e+00,0.000000e+00,-0.000000e+00,0.000000e+00,0.000000e+00,3.722256e-03,2.820179e-03
   474,9.428953e-02,0.000000e+00,-2.856026e-05,2.856026e-03,-0.000000e+00,0.000000e+00,-0.000000e+00,0.000000e+00,0.000000e+00,3.756006e-03,2.856026e-03
   475,9.448845e-02,0.000000e+00,-2.891759e-05,2.891759e-03,-0.000000e+00,0.000000e+00,-0.000000e+00,0.000000e+00,0.000000e+00,3.788100e-03,2.891759e-03
   476,9.468738e-02,0.000000e+00,-2.927334e-05,2.927334e-03,-0.000000e+00,0.000000e+00,-0.000000e+00,0.000000e+00,0.000000e+00,3.819357e-03,2.927334e-03
   477,9.488630e-02,0.000000e+00,-2.962727e-05,2.962727e-03,-0.000000e+00,0.000000e+00,-0.000000e+00,0.000000e+00,0.000000e+00,3.849963e-03,2.962727e-03
   478,9.508522e-02,0.000000e+00,-2.997919e-05,2.997919e-03,-0.000000e+00,0.000000e+00,-0.000000e+00,0.000000e+00,0.000000e+00,3.879772e-03,2.997919e-03
   479,9.528415e-02,0.000000e+00,-3.032884e-05,3.032884e-03,-0.000000e+00,0.000000e+00,-0.000000e+00,0.000000e+00,0.000000e+00,3.908775e-03,3.032884e-03
   480,9.548307e-02,0.000000e+00,-3.067612e-05,3.067612e-03,-0.000000e+00,0.000000e+00,-0.000000e+00,0.000000e+00,0.000000e+00,3.937487e-03,3.067612e-03
   481,9.568199e-02,0.000000e+00,-3.102119e-05,3.102119e-03,-0.000000e+00,0.000000e+00,-0.000000e+00,0.000000e+00,0.000000e+00,3.966964e-03,3.102119e-03
   482,9.588092e-02,0.000000e+00,-3.136469e-05,3.136469e-03,-0.000000e+00,0.000000e+00,-0.000000e+00,0.000000e+00,0.000000e+00,3.998434e-03,3.136469e-03
   483,9.607984e-02,0.000000e+00,-3.170760e-05,3.170760e-03,-0.000000e+00,0.000000e+00,0.000000e+00,0.000000e+00,0.000000e+00,4.032590e-03,3.170760e-03
   484,9.627876e-02,0.000000e+00,-3.205090e-05,3.205090e-03,-0.000000e+00,0.000000e+00,0.000000e+00,0.000000e+00,0.000000e+00,4.069095e-03,3.205090e-03
   485,9.647768e-02,0.000000e+00,-3.239531e-05,3.239531e-03,-0.000000e+00,0.000000e+00,0.000000e+00,0.000000e+00,0.000000e+00,4.106875e-03,3.239531e-03
   486,9.667661e-02,0.000000e+00,-3.274110e-05,3.274110e-03,-0.000000e+00,0.000000e+00,0.000000e+00,0.000000e+00,0.000000e+00,4.145101e-03,3.274110e-03
   487,9.687553e-02,0.000000e+00,-3.308839e-05,3.308839e-03,-0.000000e+00,0.000000e+00,0.000000e+00,0.000000e+00,0.000000e+00,4.183652e-03,3.308839e-03
   488,9.707445e-02,0.000000e+00,-3.343719e-05,3.343719e-03,-0.000000e+00,0.000000e+00,0.000000e+00,0.000000e+00,0.000000e+00,4.222396e-03,3.343719e-03
   489,9.727338e-02,0.000000e+00,-3.378737e-05,3.378737e-03,-0.000000e+00,0.000000e+00,0.000000e+00,0.000000e+00,0.000000e+00,4.260407e-03,3.378737e-03
   490,9.747230e-02,0.000000e+00,-3.413829e-05,3.413829e-03,-0.000000e+00,0.000000e+00,0.000000e+00,0.000000e+00,0.000000e+00,4.296290e-03,3.413829e-03
   491,9.767122e-02,0.000000e+00,-3.448891e-05,3.448891e-03,-0.000000e+00,0.000000e+00,-0.000000e+00,0.000000e+00,0.000000e+00,4.329018e-03,3.448891e-03
   492,9.787015e-02,0.000000e+00,-3.483793e-05,3.483793e-03,-0.000000e+00,0.000000e+00,-0.000000e+00,0.000000e+00,0.000000e+00,4.358187e-03,3.483793e-03
   493,9.806907e-02,0.000000e+00,-3.518403e-05,3.518403e-03,-0.000000e+00,0.000000e+00,-0.000000e+00,0.000000e+00,0.000000e+00,4.383864e-03,3.518403e-03
   494,9.826799e-02,0.000000e+00,-3.552609e-05,3.552609e-03,-0.000000e+00,0.000000e+00,-0.000000e+00,0.000000e+00,0.000000e+00,4.406709e-03,3.552609e-03
   495,9.846692e-02,0.000000e+00,-3.586341e-05,3.586341e-03,-0.000000e+00,0.000000e+00,-0.000000e+00,0.000000e+00,0.000000e+00,4.427992e-03,3.586341e-03
   496,9.866584e-02,0.000000e+00,-3.619583e-05,3.619583e-03,-0.000000e+00,0.000000e+00,-0.000000e+00,0.000000e+00,0.000000e+00,4.449043e-03,3.619583e-03
   497,9.886476e-02,0.000000e+00,-3.652362e-05,3.652362e-03,-0.000000e+00,0.000000e+00,-0.000000e+00,0.000000e+00,0.000000e+00,4.470698e-03,3.652362e-03
   498,9.906368e-02,0.000000e+00,-3.684727e-05,3.684727e-03,-0.000000e+00,0.000000e+00,-0.000000e+00,0.000000e+00,0.000000e+00,4.493389e-03,3.684727e-03
   499,9.926261e-02,0.000000e+00,-3.716747e-05,3.716747e-03,-0.000000e+00,0.000000e+00,-0.000000e+00,0.000000e+00,0.000000e+00,4.517776e-03,3.716747e-03
   500,9.946153e-02,0.000000e+00,-3.748525e-05,3.748525e-03,-0.000000e+00,0.000000e+00,-0.000000e+00,0.000000e+00,0.000000e+00,4.544977e-03,3.748525e-03
   501,9.966045e-02,0.000000e+00,-3.780194e-05,3.780194e-03,-0.000000e+00,0.000000e+00,0.000000e+00,0.000000e+00,0.000000e+00,4.575788e-03,3.780194e-03
   502,9.985938e-02,0.000000e+00,-3.811891e-05,3.811891e-03,-0.000000e+00,0.000000e+00,0.000000e+00,0.000000e+00,0.000000e+00,4.609730e-03,3.811891e-03
   503,1.000583e-01,0.000000e+00,-3.843707e-05,3.843707e-03,-0.000000e+00,0.000000e+00,0.000000e+00,0.000000e+00,0.000000e+00,4.645270e-03,3.843707e-03
   504,1.002572e-01,0.000000e+00,-3.875671e-05,3.875671e-03,-0.000000e+00,0.000000e+00,0.000000e+00,0.000000e+00,0.000000e+00,4.680971e-03,3.875671e-03
   505,1.004561e-01,0.000000e+00,-3.907764e-05,3.907764e-03,-0.000000e+00,0.000000e+00,0.000000e+00,0.000000e+00,0.000000e+00,4.715803e-03,3.907764e-03
   506,1.006551e-01,0.000000e+00,-3.939924e-05,3.939924e-03,-0.000000e+00,0.000000e+00,0.000000e+00,0.000000e+00,0.000000e+00,4.748573e-03,3.939924e-03
   507,1.008540e-01,0.000000e+00,-3.972043e-05,3.972043e-03,-0.000000e+00,0.000000e+00,-0.000000e+00,0.000000e+00,0.000000e+00,4.778056e-03,3.972043e-03
   508,1.010529e-01,0.000000e+00,-4.003988e-05,4.003988e-03,-0.000000e+00,0.000000e+00,-0.000000e+00,0.000000e+00,0.000000e+00,4.803865e-03,4.003988e-03
   509,1.012518e-01,0.000000e+00,-4.035633e-05,4.035633e-03,-0.000000e+00,0.000000e+00,-0.000000e+00,0.000000e+00,0.000000e+00,4.826563e-03,4.035633e-03
   510,1.014508e-01,0.000000e+00,-4.066882e-05,4.066882e-03,-0.000000e+00,0.000000e+00,-0.000000e+00,0.000000e+00,0.000000e+00,4.846855e-03,4.066882e-03
   511,1.016497e-01,0.000000e+00,-4.097666e-05,4.097666e-03,-0.000000e+00,0.000000e+00,-0.000000e+00,0.000000e+00,0.000000e+00,4.865262e-03,4.097666e-03
   512,1.018486e-01,0.000000e+00,-4.127948e-05,4.127948e-03,-0.000000e+00,0.000000e+00,-0.000000e+00,0.000000e+00,0.000000e+00,4.882621e-03,4.127948e-03
   513,1.020475e-01,0.000000e+00,-4.157731e-05,4.157731e-03,-0.000000e+00,0.000000e+00,-0.000000e+00,0.000000e+00,0.000000e+00,4.900289e-03,4.157731e-03
   514,1.022465e-01,0.000000e+00,-4.187076e-05,4.187076e-03,-0.000000e+00,0.000000e+00,-0.000000e+00,0.000000e+00,0.000000e+00,4.919699e-03,4.187076e-03
   515,1.024454e-01,0.000000e+00,-4.216085e-05,4.216085e-03,-0.000000e+00,0.000000e+00,-0.000000e+00,0.000000e+00,0.000000e+00,4.941783e-03,4.216085e-03
   516,1.026443e-01,0.000000e+00,-4.244879e-05,4.244879e-03,-0.000000e+00,0.000000e+00,-0.000000e+00,0.000000e+00,0.000000e+00,4.966657e-03,4.244879e-03
   517,1.028432e-01,0.000000e+00,-4.273562e-05,4.273562e-03,-0.000000e+00,0.000000e+00,-0.000000e+00,0.000000e+00,0.000000e+00,4.993680e-03,4.273562e-03
   518,1.030421e-01,0.000000e+00,-4.302203e-05,4.302203e-03,-0.000000e+00,0.000000e+00,0.000000e+00,0.000000e+00,0.000000e+00,5.021929e-03,4.302203e-03
   519,1.032411e-01,0.000000e+00,-4.330842e-05,4.330842e-03,-0.000000e+00,0.000000e+00,0.000000e+00,0.000000e+00,0.000000e+00,5.050810e-03,4.330842e-03
   520,1.034400e-01,0.000000e+00,-4.359501e-05,4.359501e-03,-0.000000e+00,0.000000e+00,0.000000e+00,0.000000e+00,0.000000e+00,5.080220e-03,4.359501e-03
   521,1.036389e-01,0.000000e+00,-4.388197e-05,4.388197e-03,-0.000000e+00,0.000000e+00,0.000000e+00,0.000000e+00,0.000000e+00,5.110053e-03,4.388197e-03
   522,1.038378e-01,0.000000e+00,-4.416932e-05,4.416932e-03,-0.000000e+00,0.000000e+00,0.000000e+00,0.000000e+00,0.000000e+00,5.139622e-03,4.416932e-03
   523,1.040368e-01,0.000000e+00,-4.445670e-05,4.445670e-03,-0.000000e+00,0.000000e+00,-0.000000e+00,0.000000e+00,0.000000e+00,5.167661e-03,4.445670e-03
   524,1.042357e-01,0.000000e+00,-4.474330e-05,4.474330e-03,-0.000000e+00,0.000000e+00,-0.000000e+00,0.000000e+00,0.000000e+00,5.193090e-03,4.474330e-03
   525,1.044346e-01,0.000000e+00,-4.502809e-05,4.502809e-03,-0.000000e+00,0.000000e+00,-0.000000e+00,0.000000e+00,0.000000e+00,5.215701e-03,4.502809e-03
   526,1.046335e-01,0.000000e+00,-4.531013e-05,4.531013e-03,-0.000000e+00,0.000000e+00,-0.000000e+00,0.000000e+00,0.000000e+00,5.235940e-03,4.531013e-03
   527,1.048325e-01,0.000000e+00,-4.558871e-05,4.558871e-03,-0.000000e+00,0.000000e+00,-0.000000e+00,0.000000e+00,0.000000e+00,5.254415e-03,4.558871e-03
   528,1.050314e-01,0.000000e+00,-4.586338e-05,4.586338e-03,-0.000000e+00,0.000000e+00,-0.000000e+00,0.000000e+00,0.000000e+00,5.271586e-03,4.586338e-03
   529,1.052303e-01,0.000000e+00,-4.613384e-05,4.613384e-03,-0.000000e+00,0.000000e+00,-0.000000e+00,0.000000e+00,0.000000e+00,5.287710e-03,4.613384e-03
   530,1.054292e-01,0.000000e+00,-4.639986e-05,4.639986e-03,-0.000000e+00,0.000000e+00,-0.000000e+00,0.000000e+00,0.000000e+00,5.302977e-03,4.639986e-03
   531,1.056281e-01,0.000000e+00,-4.666137e-05,4.666137e-03,-0.000000e+00,0.000000e+00,-0.000000e+00,0.000000e+00,0.000000e+00,5.317783e-03,4.666137e-03
   532,1.058271e-01,0.000000e+00,-4.691853e-05,4.691853e-03,-0.000000e+00,0.000000e+00,-0.000000e+00,0.000000e+00,0.000000e+00,5.332976e-03,4.691853e-03
   533,1.060260e-01,0.000000e+00,-4.717187e-05,4.717187e-03,-0.000000e+00,0.000000e+00,-0.000000e+00,0.000000e+00,0.000000e+00,5.349620e-03,4.717187e-03
   534,1.062249e-01,0.000000e+00,-4.742224e-05,4.742224e-03,-0.000000e+00,0.000000e+00,-0.000000e+00,0.000000e+00,0.000000e+00,5.368408e-03,4.742224e-03
   535,1.064238e-01,0.000000e+00,-4.767057e-05,4.767057e-03,-0.000000e+00,0.000000e+00,-0.000000e+00,0.000000e+00,0.000000e+00,5.389269e-03,4.767057e-03
   536,1.066228e-01,0.000000e+00,-4.791765e-05,4.791765e-03,-0.000000e+00,0.000000e+00,-0.000000e+00,0.000000e+00,0.000000e+00,5.411635e-03,4.791765e-03
   537,1.068217e-01,0.000000e+00,-4.816400e-05,4.816400e-03,-0.000000e+00,0.000000e+00,-0.000000e+00,0.000000e+00,0.000000e+00,5.434915e-03,4.816400e-03
   538,1.070206e-01,0.000000e+00,-4.840992e-05,4.840992e-03,-0.000000e+00,0.000000e+00,-0.000000e+00,0.000000e+00,0.000000e+00,5.458734e-03,4.840992e-03
   539,1.072195e-01,0.000000e+00,-4.865557e-05,4.865557e-03,-0.000000e+00,0.000000e+00,-0.000000e+00,0.000000e+00,0.000000e+00,5.482710e-03,4.865557e-03
   540,1.074185e-01,0.000000e+00,-4.890090e-05,4.890090e-03,-0.000000e+00,0.000000e+00,-0.000000e+00,0.000000e+00,0.000000e+00,5.506238e-03,4.890090e-03
   541,1.076174e-01,0.000000e+00,-4.914556e-05,4.914556e-03,-0.000000e+00,0.000000e+00,-0.000000e+00,0.000000e+00,0.000000e+00,5.528367e-03,4.914556e-03
   542,1.078163e-01,0.000000e+00,-4.938879e-05,4.938879e-03,-0.000000e+00,0.000000e+00,-0.000000e+00,0.000000e+00,0.000000e+00,5.547790e-03,4.938879e-03
   543,1.080152e-01,0.000000e+00,-4.962935e-05,4.962935e-03,-0.000000e+00,0.000000e+00,-0.000000e+00,0.000000e+00,0.000000e+00,5.563330e-03,4.962935e-03
   544,1.082141e-01,0.000000e+00,-4.986577e-05,4.986577e-03,-0.000000e+00,0.000000e+00,-0.000000e+00,0.000000e+00,0.000000e+00,5.574688e-03,4.986577e-03
   545,1.084131e-01,0.000000e+00,-5.009676e-05,5.009676e-03,-0.000000e+00,0.000000e+00,-0.000000e+00,0.000000e+00,0.000000e+00,5.582734e-03,5.009676e-03
   546,1.086120e-01,0.000000e+00,-5.032150e-05,5.032150e-03,-0.000000e+00,0.000000e+00,-0.000000e+00,0.000000e+00,0.000000e+00,5.588893e-03,5.032150e-03
   547,1.088109e-01,0.000000e+00,-5.053976e-05,5.053976e-03,-0.000000e+00,0.000000e+00,-0.000000e+00,0.000000e+00,0.000000e+00,5.594441e-03,5.053976e-03
   548,1.090098e-01,0.000000e+00,-5.075173e-05,5.075173e-03,-0.000000e+00,0.000000e+00,-0.000000e+00,0.000000e+00,0.000000e+00,5.600281e-03,5.075173e-03
   549,1.092088e-01,0.000000e+00,-5.095791e-05,5.095791e-03,-0.000000e+00,0.000000e+00,-0.000000e+00,0.000000e+00,0.000000e+00,5.607203e-03,5.095791e-03
   550,1.094077e-01,0.000000e+00,-5.115914e-05,5.115914e-03,-0.000000e+00,0.000000e+00,-0.000000e+00,0.000000e+00,0.000000e+00,5.616089e-03,5.115914e-03
   551,1.096066e-01,0.000000e+00,-5.135652e-05,5.135652e-03,-0.000000e+00,0.000000e+00,-0.000000e+00,0.000000e+00,0.000000e+00,5.627692e-03,5.135652e-03
   552,1.098055e-01,0.000000e+00,-5.155131e-05,5.155131e-03,-0.000000e+00,0.000000e+00,-0.000000e+00,0.000000e+00,0.000000e+00,5.642326e-03,5.155131e-03
   553,1.100045e-01,0.000000e+00,-5.174473e-05,5.174473e-03,-0.000000e+00,0.000000e+00,-0.000000e+00,0.000000e+00,0.000000e+00,5.659638e-03,5.174473e-03
   554,1.102034e-01,0.000000e+00,-5.193768e-05,5.193768e-03,-0.000000e+00,0.000000e+00,0.000000e+00,0.000000e+00,0.000000e+00,5.678583e-03,5.193768e-03
   555,1.104023e-01,0.000000e+00,-5.213051e-05,5.213051e-03,-0.000000e+00,0.000000e+00,0.000000e+00,0.000000e+00,0.000000e+00,5.697581e-03,5.213051e-03
   556,1.106012e-01,0.000000e+00,-5.232294e-05,5.232294e-03,-0.000000e+00,0.000000e+00,-0.000000e+00,0.000000e+00,0.000000e+00,5.715107e-03,5.232294e-03
   557,1.108001e-01,0.000000e+00,-5.251422e-05,5.251422e-03,-0.000000e+00,0.000000e+00,-0.000000e+00,0.000000e+00,0.000000e+00,5.730197e-03,5.251422e-03
   558,1.109991e-01,0.000000e+00,-5.270338e-05,5.270338e-03,-0.000000e+00,0.000000e+00,-0.000000e+00,0.000000e+00,0.000000e+00,5.742505e-03,5.270338e-03
   559,1.111980e-01,0.000000e+00,-5.288943e-05,5.288943e-03,-0.000000e+00,0.000000e+00,-0.000000e+00,0.000000e+00,0.000000e+00,5.752046e-03,5.288943e-03
   560,1.113969e-01,0.000000e+00,-5.307143e-05,5.307143e-03,-0.000000e+00,0.000000e+00,-0.000000e+00,0.000000e+00,0.000000e+00,5.758973e-03,5.307143e-03
   561,1.115958e-01,0.000000e+00,-5.324858e-05,5.324858e-03,-0.000000e+00,0.000000e+00,-0.000000e+00,0.000000e+00,0.000000e+00,5.763551e-03,5.324858e-03
   562,1.117948e-01,0.000000e+00,-5.342022e-05,5.342022e-03,-0.000000e+00,0.000000e+00,-0.000000e+00,0.000000e+00,0.000000e+00,5.766178e-03,5.342022e-03
   563,1.119937e-01,0.000000e+00,-5.358594e-05,5.358594e-03,-0.000000e+00,0.000000e+00,-0.000000e+00,0.000000e+00,0.000000e+00,5.767556e-03,5.358594e-03
   564,1.121926e-01,0.000000e+00,-5.374572e-05,5.374572e-03,-0.000000e+00,0.000000e+00,-0.000000e+00,0.000000e+00,0.000000e+00,5.768797e-03,5.374572e-03
   565,1.123915e-01,0.000000e+00,-5.389998e-05,5.389998e-03,-0.000000e+00,0.000000e+00,-0.000000e+00,0.000000e+00,0.000000e+00,5.771263e-03,5.389998e-03
   566,1.125905e-01,0.000000e+00,-5.404965e-05,5.404965e-03,-0.000000e+00,0.000000e+00,-0.000000e+00,0.000000e+00,0.000000e+00,5.776084e-03,5.404965e-03
   567,1.127894e-01,0.000000e+00,-5.419589e-05,5.419589e-03,-0.000000e+00,0.000000e+00,-0.000000e+00,0.000000e+00,0.000000e+00,5.783653e-03,5.419589e-03
   568,1.129883e-01,0.000000e+00,-5.433982e-05,5.433982e-03,-0.000000e+00,0.000000e+00,-0.000000e+00,0.000000e+00,0.000000e+00,5.793470e-03,5.433982e-03
   569,1.131872e-01,0.000000e+00,-5.448224e-05,5.448224e-03,0.000000e+00,0.000000e+00,-0.000000e+00,0.000000e+00,0.000000e+00,5.804679e-03,5.448224e-03
   570,1.133861e-01,0.000000e+00,-5.462366e-05,5.462366e-03,0.000000e+00,0.000000e+00,-0.000000e+00,0.000000e+00,0.000000e+00,5.816850e-03,5.462366e-03
   571,1.135851e-01,0.000000e+00,-5.476449e-05,5.476449e-03,0.000000e+00,0.000000e+00,-0.000000e+00,0.000000e+00,0.000000e+00,5.829921e-03,5.476449e-03
   572,1.137840e-01,0.000000e+00,-5.490504e-05,5.490504e-03,0.000000e+00,0.000000e+00,0.000000e+00,0.000000e+00,0.000000e+00,5.843567e-03,5.490504e-03
   573,1.139829e-01,0.000000e+00,-5.504537e-05,5.504537e-03,0.000000e+00,0.000000e+00,-0.000000e+00,0.000000e+00,0.000000e+00,5.856938e-03,5.504537e-03
   574,1.141818e-01,0.000000e+00,-5.518521e-05,5.518521e-03,0.000000e+00,0.000000e+00,-0.000000e+00,0.000000e+00,0.000000e+00,5.869086e-03,5.518521e-03
   575,1.143808e-01,0.000000e+00,-5.532396e-05,5.532396e-03,0.000000e+00,0.000000e+00,-0.000000e+00,0.000000e+00,0.000000e+00,5.879384e-03,5.532396e-03
   576,1.145797e-01,0.000000e+00,-5.546093e-05,5.546093e-03,0.000000e+00,0.000000e+00,-0.000000e+00,0.000000e+00,0.000000e+00,5.887637e-03,5.546093e-03
   577,1.147786e-01,0.000000e+00,-5.559541e-05,5.559541e-03,0.000000e+00,0.000000e+00,-0.000000e+00,0.000000e+00,0.000000e+00,5.894050e-03,5.559541e-03
   578,1.149775e-01,0.000000e+00,-5.572684e-05,5.572684e-03,0.000000e+00,0.000000e+00,-0.000000e+00,0.000000e+00,0.000000e+00,5.898891e-03,5.572684e-03
   579,1.151765e-01,0.000000e+00,-5.585474e-05,5.585474e-03,0.000000e+00,0.000000e+00,-0.000000e+00,0.000000e+00,0.000000e+00,5.902207e-03,5.585474e-03
   580,1.153754e-01,0.000000e+00,-5.597864e-05,5.597864e-03,0.000000e+00,0.000000e+00,-0.000000e+00,0.000000e+00,0.000000e+00,5.903983e-03,5.597864e-03
   581,1.155743e-01,0.000000e+00,-5.609814e-05,5.609814e-03,0.000000e+00,0.000000e+00,-0.000000e+00,0.000000e+00,0.000000e+00,5.904458e-03,5.609814e-03
   582,1.157732e-01,0.000000e+00,-5.621303e-05,5.621303e-03,0.000000e+00,0.000000e+00,-0.000000e+00,0.000000e+00,0.000000e+00,5.904218e-03,5.621303e-03
   583,1.159721e-01,0.000000e+00,-5.632339e-05,5.632339e-03,0.000000e+00,0.000000e+00,-0.000000e+00,0.000000e+00,0.000000e+00,5.904187e-03,5.632339e-03
   584,1.161711e-01,0.000000e+00,-5.642969e-05,5.642969e-03,0.000000e+00,0.000000e+00,-0.000000e+00,0.000000e+00,0.000000e+00,5.905483e-03,5.642969e-03
   585,1.163700e-01,0.000000e+00,-5.653277e-05,5.653277e-03,0.000000e+00,0.000000e+00,-0.000000e+00,0.000000e+00,0.000000e+00,5.908994e-03,5.653277e-03
   586,1.165689e-01,0.000000e+00,-5.663369e-05,5.663369e-03,0.000000e+00,0.000000e+00,-0.000000e+00,0.000000e+00,0.000000e+00,5.914966e-03,5.663369e-03
   587,1.167678e-01,0.000000e+00,-5.673342e-05,5.673342e-03,0.000000e+00,0.000000e+00,-0.000000e+00,0.000000e+00,0.000000e+00,5.923074e-03,5.673342e-03
   588,1.169668e-01,0.000000e+00,-5.683273e-05,5.683273e-03,0.000000e+00,0.000000e+00,0.000000e+00,0.000000e+00,0.000000e+00,5.932790e-03,5.683273e-03
   589,1.171657e-01,0.000000e+00,-5.693215e-05,5.693215e-03,0.000000e+00,0.000000e+00,0.000000e+00,0.000000e+00,0.000000e+00,5.943486e-03,5.693215e-03
   590,1.173646e-01,0.000000e+00,-5.703192e-05,5.703192e-03,0.000000e+00,0.000000e+00,0.000000e+00,0.000000e+00,0.000000e+00,5.954456e-03,5.703192e-03
   591,1.175635e-01,0.000000e+00,-5.713196e-05,5.713196e-03,0.000000e+00,0.000000e+00,0.000000e+00,0.000000e+00,0.000000e+00,5.964861e-03,5.713196e-03
   592,1.177625e-01,0.000000e+00,-5.723184e-05,5.723184e-03,0.000000e+00,0.000000e+00,-0.000000e+00,0.000000e+00,0.000000e+00,5.973628e-03,5.723184e-03
   593,1.179614e-01,0.000000e+00,-5.733069e-05,5.733069e-03,0.000000e+00,0.000000e+00,-0.000000e+00,0.000000e+00,0.000000e+00,5.979548e-03,5.733069e-03
   594,1.181603e-01,0.000000e+00,-5.742727e-05,5.742727e-03,0.000000e+00,0.000000e+00,-0.000000e+00,0.000000e+00,0.000000e+00,5.981743e-03,5.742727e-03
   595,1.183592e-01,0.000000e+00,-5.752020e-05,5.752020e-03,0.000000e+00,0.000000e+00,-0.000000e+00,0.000000e+00,0.000000e+00,5.980167e-03,5.752020e-03
   596,1.185581e-01,0.000000e+00,-5.760830e-05,5.760830e-03,0.000000e+00,0.000000e+00,-0.000000e+00,0.000000e+00,0.000000e+00,5.975583e-03,5.760830e-03
   597,1.187571e-01,0.000000e+00,-5.769081e-05,5.769081e-03,0.000000e+00,0.000000e+00,-0.000000e+00,0.000000e+00,0.000000e+00,5.969094e-03,5.769081e-03
   598,1.189560e-01,0.000000e+00,-5.776740e-05,5.776740e-03,0.000000e+00,0.000000e+00,-0.000000e+00,0.000000e+00,0.000000e+00,5.961794e-03,5.776740e-03
   599,1.191549e-01,0.000000e+00,-5.783822e-05,5.783822e-03,0.000000e+00,0.000000e+00,-0.000000e+00,0.000000e+00,0.000000e+00,5.954747e-03,5.783822e-03
