#tstep,        time,  Ref. state,       state,    Pcontrol,    Icontrol,    Dcontrol,       noise,     capping,         raw,     control
     1,    0.000240,    0.493480,    0.000000,    0.740220,    0.011865,    0.000000,    0.000000,    1.000000,    0.752085,    0.523599
     2,    0.000481,    0.493480,    0.346628,    0.220279,    0.015395,   -0.000000,    0.000000,    0.000000,    0.235674,    0.235674
     3,    0.000721,    0.493480,    0.396261,    0.145828,    0.017733,    0.000000,    0.000000,    0.000000,    0.163561,    0.163561
     4,    0.000962,    0.493480,    0.419893,    0.110381,    0.019502,   -0.000000,    0.000000,    0.000000,    0.129883,    0.129883
     5,    0.001202,    0.493480,    0.438459,    0.082532,    0.020825,   -0.000000,    0.000000,    0.000000,    0.103357,    0.103357
     6,    0.001443,    0.493480,    0.452261,    0.061829,    0.021816,   -0.000000,    0.000000,    0.000000,    0.083645,    0.083645
     7,    0.001683,    0.493480,    0.464417,    0.043596,    0.022515,   -0.000000,    0.000000,    0.000000,    0.066110,    0.066110
     8,    0.001923,    0.493480,    0.475098,    0.027573,    0.022956,   -0.000000,    0.000000,    0.000000,    0.050529,    0.050529
     9,    0.002164,    0.493480,    0.485085,    0.012594,    0.023158,   -0.000000,    0.000000,    0.000000,    0.035752,    0.035752
    10,    0.002404,    0.493480,    0.494288,   -0.001212,    0.023139,   -0.000000,    0.000000,    0.000000,    0.021927,    0.021927
    11,    0.002645,    0.493480,    0.502683,   -0.013805,    0.022918,   -0.000000,    0.000000,    0.000000,    0.009113,    0.009113
    12,    0.002885,    0.493480,    0.510690,   -0.025815,    0.022504,   -0.000000,    0.000000,    0.000000,   -0.003312,   -0.003312
    13,    0.003126,    0.493480,    0.517525,   -0.036068,    0.021926,   -0.000000,    0.000000,    0.000000,   -0.014142,   -0.014142
    14,    0.003366,    0.493480,    0.523619,   -0.045208,    0.021201,   -0.000000,    0.000000,    0.000000,   -0.024007,   -0.024007
    15,    0.003606,    0.493480,    0.528492,   -0.052518,    0.020359,   -0.000000,    0.000000,    0.000000,   -0.032159,   -0.032159
    16,    0.003847,    0.493480,    0.532434,   -0.058431,    0.019423,   -0.000000,    0.000000,    0.000000,   -0.039008,   -0.039008
    17,    0.004087,    0.493480,    0.536087,   -0.063911,    0.018398,   -0.000000,    0.000000,    0.000000,   -0.045512,   -0.045512
    18,    0.004328,    0.493480,    0.538944,   -0.068196,    0.017305,   -0.000000,    0.000000,    0.000000,   -0.050891,   -0.050891
    19,    0.004568,    0.493480,    0.541500,   -0.072030,    0.016151,   -0.000000,    0.000000,    0.000000,   -0.055879,   -0.055879
    20,    0.004809,    0.493480,    0.543736,   -0.075384,    0.014943,   -0.000000,    0.000000,    0.000000,   -0.060441,   -0.060441
    21,    0.005049,    0.493480,    0.546044,   -0.078845,    0.013679,   -0.000000,    0.000000,    0.000000,   -0.065166,   -0.065166
    22,    0.005289,    0.493480,    0.548409,   -0.082393,    0.012358,   -0.000000,    0.000000,    0.000000,   -0.070035,   -0.070035
    23,    0.005530,    0.493480,    0.550822,   -0.086013,    0.010980,   -0.000000,    0.000000,    0.000000,   -0.075033,   -0.075033
    24,    0.005770,    0.493480,    0.553450,   -0.089955,    0.009538,   -0.000000,    0.000000,    0.000000,   -0.080417,   -0.080417
    25,    0.006011,    0.493480,    0.556241,   -0.094141,    0.008029,   -0.000000,    0.000000,    0.000000,   -0.086112,   -0.086112
    26,    0.006251,    0.493480,    0.559496,   -0.099023,    0.006442,   -0.000000,    0.000000,    0.000000,   -0.092582,   -0.092582
    27,    0.006492,    0.493480,    0.563215,   -0.104602,    0.004765,   -0.000000,    0.000000,    0.000000,   -0.099837,   -0.099837
    28,    0.006732,    0.493480,    0.567887,   -0.111611,    0.002976,   -0.000000,    0.000000,    0.000000,   -0.108635,   -0.108635
    29,    0.006972,    0.493480,    0.572982,   -0.119252,    0.001065,   -0.000000,    0.000000,    0.000000,   -0.118188,   -0.118188
    30,    0.007213,    0.493480,    0.578859,   -0.128068,   -0.000988,   -0.000000,    0.000000,    0.000000,   -0.129056,   -0.129056
    31,    0.007453,    0.493480,    0.585409,   -0.137893,   -0.003198,   -0.000000,    0.000000,    0.000000,   -0.141091,   -0.141091
    32,    0.007694,    0.493480,    0.592372,   -0.148338,   -0.005576,   -0.000000,    0.000000,    0.000000,   -0.153914,   -0.153914
    33,    0.007934,    0.493480,    0.599583,   -0.159154,   -0.008127,   -0.000000,    0.000000,    0.000000,   -0.167281,   -0.167281
    34,    0.008174,    0.493480,    0.606763,   -0.169924,   -0.010851,   -0.000000,    0.000000,    0.000000,   -0.180774,   -0.180774
    35,    0.008415,    0.493480,    0.613783,   -0.180454,   -0.013743,   -0.000000,    0.000000,    0.000000,   -0.194197,   -0.194197
    36,    0.008655,    0.493480,    0.620581,   -0.190651,   -0.016799,   -0.000000,    0.000000,    0.000000,   -0.207450,   -0.207450
    37,    0.008896,    0.493480,    0.627005,   -0.200287,   -0.020009,   -0.000000,    0.000000,    0.000000,   -0.220296,   -0.220296
    38,    0.009136,    0.493480,    0.633085,   -0.209407,   -0.023365,   -0.000000,    0.000000,    0.000000,   -0.232773,   -0.232773
    39,    0.009377,    0.493480,    0.638750,   -0.217905,   -0.026858,   -0.000000,    0.000000,    0.000000,   -0.244763,   -0.244763
    40,    0.009617,    0.493480,    0.644005,   -0.225787,   -0.030477,   -0.000000,    0.000000,    0.000000,   -0.256264,   -0.256264
    41,    0.009857,    0.493480,    0.648738,   -0.232886,   -0.034210,   -0.000000,    0.000000,    0.000000,   -0.267096,   -0.267096
    42,    0.010098,    0.493480,    0.652885,   -0.239108,   -0.038042,   -0.000000,    0.000000,    0.000000,   -0.277150,   -0.277150
    43,    0.010338,    0.493480,    0.656421,   -0.244411,   -0.041960,   -0.000000,    0.000000,    0.000000,   -0.286371,   -0.286371
    44,    0.010579,    0.493480,    0.659255,   -0.248661,   -0.045946,   -0.000000,    0.000000,    0.000000,   -0.294607,   -0.294607
    45,    0.010819,    0.493480,    0.661571,   -0.252137,   -0.049987,   -0.000000,    0.000000,    0.000000,   -0.302124,   -0.302124
    46,    0.011060,    0.493480,    0.663396,   -0.254874,   -0.054072,   -0.000000,    0.000000,    0.000000,   -0.308946,   -0.308946
    47,    0.011300,    0.493480,    0.664907,   -0.257141,   -0.058194,   -0.000000,    0.000000,    0.000000,   -0.315334,   -0.315334
    48,    0.011540,    0.493480,    0.666362,   -0.259322,   -0.062350,   -0.000000,    0.000000,    0.000000,   -0.321673,   -0.321673
    49,    0.011781,    0.493480,    0.667807,   -0.261491,   -0.066542,   -0.000000,    0.000000,    0.000000,   -0.328032,   -0.328032
    50,    0.012021,    0.493480,    0.669298,   -0.263726,   -0.070769,   -0.000000,    0.000000,    0.000000,   -0.334495,   -0.334495
    51,    0.012262,    0.493480,    0.670678,   -0.265797,   -0.075029,   -0.000000,    0.000000,    0.000000,   -0.340826,   -0.340826
    52,    0.012502,    0.493480,    0.671902,   -0.267633,   -0.079319,   -0.000000,    0.000000,    0.000000,   -0.346952,   -0.346952
    53,    0.012743,    0.493480,    0.672968,   -0.269231,   -0.083634,   -0.000000,    0.000000,    0.000000,   -0.352865,   -0.352865
    54,    0.012983,    0.493480,    0.673972,   -0.270737,   -0.087974,   -0.000000,    0.000000,    0.000000,   -0.358711,   -0.358711
    55,    0.013223,    0.493480,    0.674968,   -0.272232,   -0.092337,   -0.000000,    0.000000,    0.000000,   -0.364569,   -0.364569
    56,    0.013464,    0.493480,    0.675901,   -0.273631,   -0.096723,   -0.000000,    0.000000,    0.000000,   -0.370354,   -0.370354
    57,    0.013704,    0.493480,    0.676965,   -0.275228,   -0.101134,   -0.000000,    0.000000,    0.000000,   -0.376362,   -0.376362
    58,    0.013945,    0.493480,    0.678179,   -0.277048,   -0.105575,   -0.000000,    0.000000,    0.000000,   -0.382623,   -0.382623
    59,    0.014185,    0.493480,    0.679476,   -0.278994,   -0.110047,   -0.000000,    0.000000,    0.000000,   -0.389040,   -0.389040
    60,    0.014426,    0.493480,    0.680740,   -0.280889,   -0.114549,   -0.000000,    0.000000,    0.000000,   -0.395438,   -0.395438
    61,    0.014666,    0.493480,    0.682458,   -0.283467,   -0.119092,   -0.000000,    0.000000,    0.000000,   -0.402560,   -0.402560
    62,    0.014906,    0.493480,    0.683116,   -0.284454,   -0.123652,   -0.000000,    0.000000,    0.000000,   -0.408106,   -0.408106
    63,    0.015147,    0.493480,    0.683617,   -0.285206,   -0.128223,   -0.000000,    0.000000,    0.000000,   -0.413429,   -0.413429
    64,    0.015387,    0.493480,    0.684473,   -0.286489,   -0.132815,   -0.000000,    0.000000,    0.000000,   -0.419304,   -0.419304
    65,    0.015628,    0.493480,    0.684374,   -0.286340,   -0.137405,    0.000000,    0.000000,    0.000000,   -0.423745,   -0.423745
    66,    0.015868,    0.493480,    0.684374,   -0.286341,   -0.141994,   -0.000000,    0.000000,    0.000000,   -0.428336,   -0.428336
    67,    0.016109,    0.493480,    0.684183,   -0.286054,   -0.146579,    0.000000,    0.000000,    0.000000,   -0.432633,   -0.432633
    68,    0.016349,    0.493480,    0.683822,   -0.285512,   -0.151156,    0.000000,    0.000000,    0.000000,   -0.436668,   -0.436668
    69,    0.016589,    0.493480,    0.683403,   -0.284884,   -0.155722,    0.000000,    0.000000,    0.000000,   -0.440606,   -0.440606
    70,    0.016830,    0.493480,    0.682850,   -0.284055,   -0.160275,    0.000000,    0.000000,    0.000000,   -0.444329,   -0.444329
    71,    0.017070,    0.493480,    0.681959,   -0.282718,   -0.164806,    0.000000,    0.000000,    0.000000,   -0.447524,   -0.447524
    72,    0.017311,    0.493480,    0.680755,   -0.280912,   -0.169309,    0.000000,    0.000000,    0.000000,   -0.450221,   -0.450221
    73,    0.017551,    0.493480,    0.679262,   -0.278672,   -0.173776,    0.000000,    0.000000,    0.000000,   -0.452448,   -0.452448
    74,    0.017792,    0.493480,    0.677644,   -0.276245,   -0.178203,    0.000000,    0.000000,    0.000000,   -0.454449,   -0.454449
    75,    0.018032,    0.493480,    0.676085,   -0.273907,   -0.182594,    0.000000,    0.000000,    0.000000,   -0.456501,   -0.456501
    76,    0.018272,    0.493480,    0.674698,   -0.271826,   -0.186951,    0.000000,    0.000000,    0.000000,   -0.458777,   -0.458777
    77,    0.018513,    0.493480,    0.673370,   -0.269835,   -0.191276,    0.000000,    0.000000,    0.000000,   -0.461110,   -0.461110
    78,    0.018753,    0.493480,    0.672063,   -0.267875,   -0.195569,    0.000000,    0.000000,    0.000000,   -0.463444,   -0.463444
    79,    0.018994,    0.493480,    0.670886,   -0.266108,   -0.199834,    0.000000,    0.000000,    0.000000,   -0.465943,   -0.465943
    80,    0.019234,    0.493480,    0.669651,   -0.264256,   -0.204070,    0.000000,    0.000000,    0.000000,   -0.468326,   -0.468326
    81,    0.019475,    0.493480,    0.668276,   -0.262193,   -0.208273,    0.000000,    0.000000,    0.000000,   -0.470466,   -0.470466
    82,    0.019715,    0.493480,    0.666842,   -0.260043,   -0.212441,    0.000000,    0.000000,    0.000000,   -0.472484,   -0.472484
    83,    0.019955,    0.493480,    0.665431,   -0.257927,   -0.216575,    0.000000,    0.000000,    0.000000,   -0.474502,   -0.474502
    84,    0.020196,    0.493480,    0.664361,   -0.256320,   -0.220683,    0.000000,    0.000000,    0.000000,   -0.477004,   -0.477004
    85,    0.020436,    0.493480,    0.663103,   -0.254433,   -0.224761,    0.000000,    0.000000,    0.000000,   -0.479195,   -0.479195
    86,    0.020677,    0.493480,    0.662069,   -0.252883,   -0.228815,    0.000000,    0.000000,    0.000000,   -0.481698,   -0.481698
    87,    0.020917,    0.493480,    0.661091,   -0.251416,   -0.232844,    0.000000,    0.000000,    0.000000,   -0.484261,   -0.484261
    88,    0.021157,    0.493480,    0.660285,   -0.250207,   -0.236855,    0.000000,    0.000000,    0.000000,   -0.487062,   -0.487062
    89,    0.021398,    0.493480,    0.659407,   -0.248890,   -0.240844,    0.000000,    0.000000,    0.000000,   -0.489734,   -0.489734
    90,    0.021638,    0.493480,    0.658379,   -0.247348,   -0.244809,    0.000000,    0.000000,    0.000000,   -0.492157,   -0.492157
    91,    0.021879,    0.493480,    0.657226,   -0.245619,   -0.248746,    0.000000,    0.000000,    0.000000,   -0.494364,   -0.494364
    92,    0.022119,    0.493480,    0.655916,   -0.243654,   -0.252651,    0.000000,    0.000000,    0.000000,   -0.496305,   -0.496305
    93,    0.022360,    0.493480,    0.654684,   -0.241806,   -0.256527,    0.000000,    0.000000,    0.000000,   -0.498333,   -0.498333
    94,    0.022600,    0.493480,    0.653580,   -0.240149,   -0.260376,    0.000000,    0.000000,    0.000000,   -0.500525,   -0.500525
    95,    0.022840,    0.493480,    0.652571,   -0.238636,   -0.264201,    0.000000,    0.000000,    0.000000,   -0.502837,   -0.502837
    96,    0.023081,    0.493480,    0.651572,   -0.237138,   -0.268002,    0.000000,    0.000000,    0.000000,   -0.505140,   -0.505140
    97,    0.023321,    0.493480,    0.648821,   -0.233012,   -0.271737,    0.000000,    0.000000,    0.000000,   -0.504749,   -0.504749
    98,    0.023562,    0.493480,    0.647830,   -0.231525,   -0.275448,    0.000000,    0.000000,    0.000000,   -0.506972,   -0.506972
    99,    0.023802,    0.493480,    0.646405,   -0.229388,   -0.279124,    0.000000,    0.000000,    0.000000,   -0.508512,   -0.508512
   100,    0.024043,    0.493480,    0.644820,   -0.227010,   -0.282763,    0.000000,    0.000000,    0.000000,   -0.509773,   -0.509773
   101,    0.024283,    0.493480,    0.643142,   -0.224492,   -0.286361,    0.000000,    0.000000,    0.000000,   -0.510853,   -0.510853
   102,    0.024523,    0.493480,    0.641418,   -0.221906,   -0.289918,    0.000000,    0.000000,    0.000000,   -0.511824,   -0.511824
   103,    0.024764,    0.493480,    0.639718,   -0.219356,   -0.293434,    0.000000,    0.000000,    0.000000,   -0.512790,   -0.512790
   104,    0.025004,    0.493480,    0.638032,   -0.216828,   -0.296909,    0.000000,    0.000000,    0.000000,   -0.513737,   -0.513737
   105,    0.025245,    0.493480,    0.636421,   -0.214410,   -0.300346,    0.000000,    0.000000,    0.000000,   -0.514756,   -0.514756
   106,    0.025485,    0.493480,    0.634809,   -0.211993,   -0.303744,    0.000000,    0.000000,    0.000000,   -0.515737,   -0.515737
   107,    0.025726,    0.493480,    0.633089,   -0.209413,   -0.307100,    0.000000,    0.000000,    0.000000,   -0.516513,   -0.516513
   108,    0.025966,    0.493480,    0.631118,   -0.206457,   -0.310410,    0.000000,    0.000000,    0.000000,   -0.516866,   -0.516866
   109,    0.026206,    0.493480,    0.628820,   -0.203010,   -0.313664,    0.000000,    0.000000,    0.000000,   -0.516673,   -0.516673
   110,    0.026447,    0.493480,    0.626315,   -0.199252,   -0.316857,    0.000000,    0.000000,    0.000000,   -0.516110,   -0.516110
   111,    0.026687,    0.493480,    0.623389,   -0.194863,   -0.319981,    0.000000,    0.000000,    0.000000,   -0.514844,   -0.514844
   112,    0.026928,    0.493480,    0.620570,   -0.190634,   -0.323036,    0.000000,    0.000000,    0.000000,   -0.513671,   -0.513671
   113,    0.027168,    0.493480,    0.617553,   -0.186109,   -0.326019,    0.000000,    0.000000,    0.000000,   -0.512128,   -0.512128
   114,    0.027409,    0.493480,    0.613898,   -0.180626,   -0.328914,    0.000000,    0.000000,    0.000000,   -0.509540,   -0.509540
   115,    0.027649,    0.493480,    0.610831,   -0.176027,   -0.331736,    0.000000,    0.000000,    0.000000,   -0.507762,   -0.507762
   116,    0.027889,    0.493480,    0.607684,   -0.171306,   -0.334482,    0.000000,    0.000000,    0.000000,   -0.505788,   -0.505788
   117,    0.028130,    0.493480,    0.604176,   -0.166044,   -0.337143,    0.000000,    0.000000,    0.000000,   -0.503187,   -0.503187
   118,    0.028370,    0.493480,    0.600399,   -0.160379,   -0.339714,    0.000000,    0.000000,    0.000000,   -0.500092,   -0.500092
   119,    0.028611,    0.493480,    0.596469,   -0.154484,   -0.342190,    0.000000,    0.000000,    0.000000,   -0.496673,   -0.496673
   120,    0.028851,    0.493480,    0.592280,   -0.148199,   -0.344565,    0.000000,    0.000000,    0.000000,   -0.492765,   -0.492765
   121,    0.029092,    0.493480,    0.587939,   -0.141688,   -0.346836,    0.000000,    0.000000,    0.000000,   -0.488524,   -0.488524
   122,    0.029332,    0.493480,    0.583388,   -0.134862,   -0.348998,    0.000000,    0.000000,    0.000000,   -0.483860,   -0.483860
   123,    0.029572,    0.493480,    0.579026,   -0.128319,   -0.351054,    0.000000,    0.000000,    0.000000,   -0.479373,   -0.479373
   124,    0.029813,    0.493480,    0.574161,   -0.121021,   -0.352994,    0.000000,    0.000000,    0.000000,   -0.474015,   -0.474015
   125,    0.030053,    0.493480,    0.569873,   -0.114589,   -0.354831,    0.000000,    0.000000,    0.000000,   -0.469420,   -0.469420
   126,    0.030294,    0.493480,    0.565436,   -0.107933,   -0.356561,    0.000000,    0.000000,    0.000000,   -0.464494,   -0.464494
   127,    0.030534,    0.493480,    0.560666,   -0.100778,   -0.358176,    0.000000,    0.000000,    0.000000,   -0.458954,   -0.458954
   128,    0.030775,    0.493480,    0.555919,   -0.093658,   -0.359677,    0.000000,    0.000000,    0.000000,   -0.453336,   -0.453336
   129,    0.031015,    0.493480,    0.551113,   -0.086450,   -0.361063,    0.000000,    0.000000,    0.000000,   -0.447513,   -0.447513
   130,    0.031255,    0.493480,    0.547049,   -0.080353,   -0.362351,    0.000000,    0.000000,    0.000000,   -0.442704,   -0.442704
   131,    0.031496,    0.493480,    0.542400,   -0.073380,   -0.363527,    0.000000,    0.000000,    0.000000,   -0.436907,   -0.436907
   132,    0.031736,    0.493480,    0.539594,   -0.069170,   -0.364636,    0.000000,    0.000000,    0.000000,   -0.433806,   -0.433806
   133,    0.031977,    0.493480,    0.544537,   -0.076585,   -0.365863,   -0.000000,    0.000000,    0.000000,   -0.442448,   -0.442448
   134,    0.032217,    0.493480,    0.549510,   -0.084045,   -0.367211,   -0.000000,    0.000000,    0.000000,   -0.451256,   -0.451256
   135,    0.032458,    0.493480,    0.547581,   -0.081151,   -0.368511,    0.000000,    0.000000,    0.000000,   -0.449662,   -0.449662
   136,    0.032698,    0.493480,    0.553638,   -0.090237,   -0.369958,   -0.000000,    0.000000,    0.000000,   -0.460195,   -0.460195
   137,    0.032938,    0.493480,    0.561086,   -0.101409,   -0.371583,   -0.000000,    0.000000,    0.000000,   -0.472992,   -0.472992
   138,    0.033179,    0.493480,    0.552303,   -0.088235,   -0.372997,    0.000000,    0.000000,    0.000000,   -0.461232,   -0.461232
   139,    0.033419,    0.493480,    0.546274,   -0.079190,   -0.374267,    0.000000,    0.000000,    0.000000,   -0.453457,   -0.453457
   140,    0.033660,    0.493480,    0.532561,   -0.058621,   -0.375206,    0.000000,    0.000000,    0.000000,   -0.433828,   -0.433828
   141,    0.033900,    0.493480,    0.522962,   -0.044222,   -0.375915,    0.000000,    0.000000,    0.000000,   -0.420137,   -0.420137
   142,    0.034140,    0.493480,    0.512600,   -0.028679,   -0.376375,    0.000000,    0.000000,    0.000000,   -0.405054,   -0.405054
   143,    0.034381,    0.493480,    0.502664,   -0.013776,   -0.376595,    0.000000,    0.000000,    0.000000,   -0.390371,   -0.390371
   144,    0.034621,    0.493480,    0.492850,    0.000946,   -0.376580,    0.000000,    0.000000,    0.000000,   -0.375635,   -0.375635
   145,    0.034862,    0.493480,    0.483482,    0.014997,   -0.376340,    0.000000,    0.000000,    0.000000,   -0.361343,   -0.361343
   146,    0.035102,    0.493480,    0.474739,    0.028111,   -0.375889,    0.000000,    0.000000,    0.000000,   -0.347778,   -0.347778
   147,    0.035343,    0.493480,    0.466776,    0.040057,   -0.375247,    0.000000,    0.000000,    0.000000,   -0.335191,   -0.335191
   148,    0.035583,    0.493480,    0.459720,    0.050641,   -0.374436,    0.000000,    0.000000,    0.000000,   -0.323795,   -0.323795
   149,    0.035823,    0.493480,    0.453494,    0.059979,   -0.373474,    0.000000,    0.000000,    0.000000,   -0.313496,   -0.313496
   150,    0.036064,    0.493480,    0.448145,    0.068003,   -0.372384,    0.000000,    0.000000,    0.000000,   -0.304381,   -0.304381
   151,    0.036304,    0.493480,    0.443705,    0.074663,   -0.371188,    0.000000,    0.000000,    0.000000,   -0.296524,   -0.296524
   152,    0.036545,    0.493480,    0.439872,    0.080412,   -0.369899,    0.000000,    0.000000,    0.000000,   -0.289487,   -0.289487
   153,    0.036785,    0.493480,    0.436494,    0.085479,   -0.368529,    0.000000,    0.000000,    0.000000,   -0.283050,   -0.283050
   154,    0.037026,    0.493480,    0.433581,    0.089849,   -0.367088,    0.000000,    0.000000,    0.000000,   -0.277240,   -0.277240
   155,    0.037266,    0.493480,    0.430846,    0.093951,   -0.365583,    0.000000,    0.000000,    0.000000,   -0.271632,   -0.271632
   156,    0.037506,    0.493480,    0.428283,    0.097795,   -0.364015,    0.000000,    0.000000,    0.000000,   -0.266220,   -0.266220
   157,    0.037747,    0.493480,    0.425887,    0.101390,   -0.362390,    0.000000,    0.000000,    0.000000,   -0.261000,   -0.261000
   158,    0.037987,    0.493480,    0.423536,    0.104916,   -0.360708,    0.000000,    0.000000,    0.000000,   -0.255792,   -0.255792
   159,    0.038228,    0.493480,    0.421348,    0.108198,   -0.358974,    0.000000,    0.000000,    0.000000,   -0.250776,   -0.250776
   160,    0.038468,    0.493480,    0.419227,    0.111380,   -0.357189,    0.000000,    0.000000,    0.000000,   -0.245809,   -0.245809
   161,    0.038709,    0.493480,    0.417264,    0.114324,   -0.355356,    0.000000,    0.000000,    0.000000,   -0.241033,   -0.241033
   162,    0.038949,    0.493480,    0.415612,    0.116803,   -0.353484,    0.000000,    0.000000,    0.000000,   -0.236682,   -0.236682
   163,    0.039189,    0.493480,    0.414265,    0.118823,   -0.351580,    0.000000,    0.000000,    0.000000,   -0.232757,   -0.232757
   164,    0.039430,    0.493480,    0.413377,    0.120155,   -0.349654,    0.000000,    0.000000,    0.000000,   -0.229499,   -0.229499
   165,    0.039670,    0.493480,    0.413013,    0.120701,   -0.347719,    0.000000,    0.000000,    0.000000,   -0.227018,   -0.227018
   166,    0.039911,    0.493480,    0.413190,    0.120435,   -0.345789,   -0.000000,    0.000000,    0.000000,   -0.225353,   -0.225353
   167,    0.040151,    0.493480,    0.414018,    0.119193,   -0.343878,   -0.000000,    0.000000,    0.000000,   -0.224685,   -0.224685
   168,    0.040392,    0.493480,    0.415555,    0.116888,   -0.342005,   -0.000000,    0.000000,    0.000000,   -0.225116,   -0.225116
   169,    0.040632,    0.493480,    0.417809,    0.113506,   -0.340185,   -0.000000,    0.000000,    0.000000,   -0.226679,   -0.226679
   170,    0.040872,    0.493480,    0.420876,    0.108906,   -0.338440,   -0.000000,    0.000000,    0.000000,   -0.229534,   -0.229534
   171,    0.041113,    0.493480,    0.424674,    0.103210,   -0.336786,   -0.000000,    0.000000,    0.000000,   -0.233576,   -0.233576
   172,    0.041353,    0.493480,    0.429054,    0.096640,   -0.335237,   -0.000000,    0.000000,    0.000000,   -0.238597,   -0.238597
   173,    0.041594,    0.493480,    0.434072,    0.089113,   -0.333808,   -0.000000,    0.000000,    0.000000,   -0.244696,   -0.244696
   174,    0.041834,    0.493480,    0.439756,    0.080586,   -0.332517,   -0.000000,    0.000000,    0.000000,   -0.251931,   -0.251931
   175,    0.042075,    0.493480,    0.445995,    0.071228,   -0.331375,   -0.000000,    0.000000,    0.000000,   -0.260147,   -0.260147
   176,    0.042315,    0.493480,    0.452745,    0.061103,   -0.330396,   -0.000000,    0.000000,    0.000000,   -0.269292,   -0.269292
   177,    0.042555,    0.493480,    0.459931,    0.050324,   -0.329589,   -0.000000,    0.000000,    0.000000,   -0.279264,   -0.279264
   178,    0.042796,    0.493480,    0.467414,    0.039100,   -0.328962,   -0.000000,    0.000000,    0.000000,   -0.289862,   -0.289862
   179,    0.043036,    0.493480,    0.475218,    0.027393,   -0.328523,   -0.000000,    0.000000,    0.000000,   -0.301130,   -0.301130
   180,    0.043277,    0.493480,    0.483211,    0.015404,   -0.328276,   -0.000000,    0.000000,    0.000000,   -0.312872,   -0.312872
   181,    0.043517,    0.493480,    0.491206,    0.003411,   -0.328222,   -0.000000,    0.000000,    0.000000,   -0.324810,   -0.324810
   182,    0.043758,    0.493480,    0.499281,   -0.008701,   -0.328361,   -0.000000,    0.000000,    0.000000,   -0.337062,   -0.337062
   183,    0.043998,    0.493480,    0.507361,   -0.020821,   -0.328695,   -0.000000,    0.000000,    0.000000,   -0.349515,   -0.349515
   184,    0.044238,    0.493480,    0.515494,   -0.033021,   -0.329224,   -0.000000,    0.000000,    0.000000,   -0.362245,   -0.362245
   185,    0.044479,    0.493480,    0.523669,   -0.045283,   -0.329950,   -0.000000,    0.000000,    0.000000,   -0.375233,   -0.375233
   186,    0.044719,    0.493480,    0.531782,   -0.057452,   -0.330871,   -0.000000,    0.000000,    0.000000,   -0.388323,   -0.388323
   187,    0.044960,    0.493480,    0.539949,   -0.069704,   -0.331988,   -0.000000,    0.000000,    0.000000,   -0.401692,   -0.401692
   188,    0.045200,    0.493480,    0.548093,   -0.081920,   -0.333301,   -0.000000,    0.000000,    0.000000,   -0.415221,   -0.415221
   189,    0.045441,    0.493480,    0.556118,   -0.093956,   -0.334807,   -0.000000,    0.000000,    0.000000,   -0.428763,   -0.428763
   190,    0.045681,    0.493480,    0.564138,   -0.105986,   -0.336506,   -0.000000,    0.000000,    0.000000,   -0.442492,   -0.442492
   191,    0.045921,    0.493480,    0.572050,   -0.117854,   -0.338395,   -0.000000,    0.000000,    0.000000,   -0.456249,   -0.456249
   192,    0.046162,    0.493480,    0.579940,   -0.129689,   -0.340473,   -0.000000,    0.000000,    0.000000,   -0.470163,   -0.470163
   193,    0.046402,    0.493480,    0.587939,   -0.141688,   -0.342745,   -0.000000,    0.000000,    0.000000,   -0.484433,   -0.484433
   194,    0.046643,    0.493480,    0.595805,   -0.153488,   -0.345205,   -0.000000,    0.000000,    0.000000,   -0.498692,   -0.498692
   195,    0.046883,    0.493480,    0.603578,   -0.165146,   -0.347852,   -0.000000,    0.000000,    0.000000,   -0.512998,   -0.512998
   196,    0.047123,    0.493480,    0.611380,   -0.176849,   -0.350686,   -0.000000,    0.000000,   -1.000000,   -0.527535,   -0.523599
   197,    0.047364,    0.493480,    0.620498,   -0.190526,   -0.353740,   -0.000000,    0.000000,   -1.000000,   -0.544267,   -0.523599
   198,    0.047604,    0.493480,    0.633982,   -0.210753,   -0.357118,   -0.000000,    0.000000,   -1.000000,   -0.567872,   -0.523599
   199,    0.047845,    0.493480,    0.649326,   -0.233769,   -0.360865,   -0.000000,    0.000000,   -1.000000,   -0.594634,   -0.523599
   200,    0.048085,    0.493480,    0.665568,   -0.258131,   -0.365003,   -0.000000,    0.000000,   -1.000000,   -0.623134,   -0.523599
   201,    0.048326,    0.493480,    0.682355,   -0.283312,   -0.369544,   -0.000000,    0.000000,   -1.000000,   -0.652856,   -0.523599
   202,    0.048566,    0.493480,    0.699354,   -0.308810,   -0.374493,   -0.000000,    0.000000,   -1.000000,   -0.683303,   -0.523599
   203,    0.048806,    0.493480,    0.716173,   -0.334040,   -0.379847,   -0.000000,    0.000000,   -1.000000,   -0.713887,   -0.523599
   204,    0.049047,    0.493480,    0.732593,   -0.358669,   -0.385596,   -0.000000,    0.000000,   -1.000000,   -0.744265,   -0.523599
   205,    0.049287,    0.493480,    0.748292,   -0.382217,   -0.391723,   -0.000000,    0.000000,   -1.000000,   -0.773940,   -0.523599
   206,    0.049528,    0.493480,    0.763131,   -0.404476,   -0.398206,   -0.000000,    0.000000,   -1.000000,   -0.802681,   -0.523599
   207,    0.049768,    0.493480,    0.777056,   -0.425364,   -0.405024,   -0.000000,    0.000000,   -1.000000,   -0.830387,   -0.523599
   208,    0.050009,    0.493480,    0.789831,   -0.444526,   -0.412149,   -0.000000,    0.000000,   -1.000000,   -0.856675,   -0.523599
   209,    0.050249,    0.493480,    0.801335,   -0.461782,   -0.419550,   -0.000000,    0.000000,   -1.000000,   -0.881332,   -0.523599
   210,    0.050489,    0.493480,    0.811580,   -0.477149,   -0.427198,   -0.000000,    0.000000,   -1.000000,   -0.904348,   -0.523599
   211,    0.050730,    0.493480,    0.820532,   -0.490578,   -0.435061,   -0.000000,    0.000000,   -1.000000,   -0.925640,   -0.523599
   212,    0.050970,    0.493480,    0.828248,   -0.502151,   -0.443110,   -0.000000,    0.000000,   -1.000000,   -0.945261,   -0.523599
   213,    0.051211,    0.493480,    0.834834,   -0.512031,   -0.451317,   -0.000000,    0.000000,   -1.000000,   -0.963348,   -0.523599
   214,    0.051451,    0.493480,    0.840086,   -0.519908,   -0.459650,   -0.000000,    0.000000,   -1.000000,   -0.979559,   -0.523599
   215,    0.051692,    0.493480,    0.843933,   -0.525679,   -0.468076,   -0.000000,    0.000000,   -1.000000,   -0.993755,   -0.523599
   216,    0.051932,    0.493480,    0.846495,   -0.529523,   -0.476564,   -0.000000,    0.000000,   -1.000000,   -1.006086,   -0.523599
   217,    0.052172,    0.493480,    0.847866,   -0.531579,   -0.485084,   -0.000000,    0.000000,   -1.000000,   -1.016663,   -0.523599
   218,    0.052413,    0.493480,    0.848201,   -0.532080,   -0.493612,    0.000000,    0.000000,   -1.000000,   -1.025693,   -0.523599
   219,    0.052653,    0.493480,    0.847531,   -0.531076,   -0.502125,    0.000000,    0.000000,   -1.000000,   -1.033201,   -0.523599
   220,    0.052894,    0.493480,    0.845760,   -0.528420,   -0.510594,    0.000000,    0.000000,   -1.000000,   -1.039014,   -0.523599
   221,    0.053134,    0.493480,    0.843020,   -0.524310,   -0.518998,    0.000000,    0.000000,   -1.000000,   -1.043308,   -0.523599
   222,    0.053375,    0.493480,    0.839455,   -0.518963,   -0.527316,    0.000000,    0.000000,   -1.000000,   -1.046279,   -0.523599
   223,    0.053615,    0.493480,    0.835073,   -0.512389,   -0.535529,    0.000000,    0.000000,   -1.000000,   -1.047918,   -0.523599
   224,    0.053855,    0.493480,    0.829837,   -0.504536,   -0.543616,    0.000000,    0.000000,   -1.000000,   -1.048152,   -0.523599
   225,    0.054096,    0.493480,    0.823563,   -0.495125,   -0.551552,    0.000000,    0.000000,   -1.000000,   -1.046677,   -0.523599
   226,    0.054336,    0.493480,    0.816237,   -0.484136,   -0.559312,    0.000000,    0.000000,   -1.000000,   -1.043448,   -0.523599
   227,    0.054577,    0.493480,    0.807874,   -0.471591,   -0.566871,    0.000000,    0.000000,   -1.000000,   -1.038462,   -0.523599
   228,    0.054817,    0.493480,    0.798317,   -0.457256,   -0.574200,    0.000000,    0.000000,   -1.000000,   -1.031456,   -0.523599
   229,    0.055058,    0.493480,    0.787571,   -0.441136,   -0.581271,    0.000000,    0.000000,   -1.000000,   -1.022407,   -0.523599
   230,    0.055298,    0.493480,    0.775538,   -0.423087,   -0.588052,    0.000000,    0.000000,   -1.000000,   -1.011139,   -0.523599
   231,    0.055538,    0.493480,    0.762079,   -0.402898,   -0.594510,    0.000000,    0.000000,   -1.000000,   -0.997408,   -0.523599
   232,    0.055779,    0.493480,    0.747170,   -0.380534,   -0.600609,    0.000000,    0.000000,   -1.000000,   -0.981143,   -0.523599
   233,    0.056019,    0.493480,    0.730791,   -0.355967,   -0.606315,    0.000000,    0.000000,   -1.000000,   -0.962281,   -0.523599
   234,    0.056260,    0.493480,    0.712950,   -0.329205,   -0.611591,    0.000000,    0.000000,   -1.000000,   -0.940797,   -0.523599
   235,    0.056500,    0.493480,    0.693643,   -0.300244,   -0.616404,    0.000000,    0.000000,   -1.000000,   -0.916648,   -0.523599
   236,    0.056741,    0.493480,    0.672905,   -0.269137,   -0.620718,    0.000000,    0.000000,   -1.000000,   -0.889854,   -0.523599
   237,    0.056981,    0.493480,    0.650933,   -0.236179,   -0.624503,    0.000000,    0.000000,   -1.000000,   -0.860682,   -0.523599
   238,    0.057221,    0.493480,    0.627937,   -0.201685,   -0.627736,    0.000000,    0.000000,   -1.000000,   -0.829421,   -0.523599
   239,    0.057462,    0.493480,    0.604155,   -0.166012,   -0.630397,    0.000000,    0.000000,   -1.000000,   -0.796409,   -0.523599
   240,    0.057702,    0.493480,    0.579878,   -0.129597,   -0.632474,    0.000000,    0.000000,   -1.000000,   -0.762071,   -0.523599
   241,    0.057943,    0.493480,    0.555374,   -0.092841,   -0.633962,    0.000000,    0.000000,   -1.000000,   -0.726803,   -0.523599
   242,    0.058183,    0.493480,    0.530834,   -0.056031,   -0.634860,    0.000000,    0.000000,   -1.000000,   -0.690891,   -0.523599
   243,    0.058424,    0.493480,    0.506502,   -0.019532,   -0.635173,    0.000000,    0.000000,   -1.000000,   -0.654705,   -0.523599
   244,    0.058664,    0.493480,    0.482551,    0.016394,   -0.634911,    0.000000,    0.000000,   -1.000000,   -0.618516,   -0.523599
   245,    0.058904,    0.493480,    0.459103,    0.051566,   -0.634084,    0.000000,    0.000000,   -1.000000,   -0.582518,   -0.523599
   246,    0.059145,    0.493480,    0.436239,    0.085861,   -0.632708,    0.000000,    0.000000,   -1.000000,   -0.546847,   -0.523599
   247,    0.059385,    0.493480,    0.414000,    0.119221,   -0.630797,    0.000000,    0.000000,    0.000000,   -0.511576,   -0.511576
   248,    0.059626,    0.493480,    0.397066,    0.144621,   -0.628479,    0.000000,    0.000000,    0.000000,   -0.483858,   -0.483858
   249,    0.059866,    0.493480,    0.389281,    0.156299,   -0.625974,    0.000000,    0.000000,    0.000000,   -0.469675,   -0.469675
   250,    0.060106,    0.493480,    0.381410,    0.168105,   -0.623279,    0.000000,    0.000000,    0.000000,   -0.455174,   -0.455174
   251,    0.060347,    0.493480,    0.374700,    0.178171,   -0.620423,    0.000000,    0.000000,    0.000000,   -0.442253,   -0.442253
   252,    0.060587,    0.493480,    0.368502,    0.187467,   -0.617419,    0.000000,    0.000000,    0.000000,   -0.429951,   -0.429951
   253,    0.060828,    0.493480,    0.362789,    0.196036,   -0.614276,    0.000000,    0.000000,    0.000000,   -0.418240,   -0.418240
   254,    0.061068,    0.493480,    0.357485,    0.203993,   -0.611007,    0.000000,    0.000000,    0.000000,   -0.407014,   -0.407014
   255,    0.061309,    0.493480,    0.352462,    0.211527,   -0.607616,    0.000000,    0.000000,    0.000000,   -0.396090,   -0.396090
   256,    0.061549,    0.493480,    0.347723,    0.218636,   -0.604112,    0.000000,    0.000000,    0.000000,   -0.385476,   -0.385476
   257,    0.061789,    0.493480,    0.343172,    0.225462,   -0.600498,    0.000000,    0.000000,    0.000000,   -0.375036,   -0.375036
   258,    0.062030,    0.493480,    0.338845,    0.231953,   -0.596780,    0.000000,    0.000000,    0.000000,   -0.364827,   -0.364827
   259,    0.062270,    0.493480,    0.334901,    0.237870,   -0.592968,    0.000000,    0.000000,    0.000000,   -0.355098,   -0.355098
   260,    0.062511,    0.493480,    0.331254,    0.243340,   -0.589067,    0.000000,    0.000000,    0.000000,   -0.345727,   -0.345727
   261,    0.062751,    0.493480,    0.328031,    0.248174,   -0.585089,    0.000000,    0.000000,    0.000000,   -0.336916,   -0.336916
   262,    0.062992,    0.493480,    0.325266,    0.252321,   -0.581045,    0.000000,    0.000000,    0.000000,   -0.328724,   -0.328724
   263,    0.063232,    0.493480,    0.322960,    0.255780,   -0.576945,    0.000000,    0.000000,    0.000000,   -0.321165,   -0.321165
   264,    0.063472,    0.493480,    0.321277,    0.258305,   -0.572805,    0.000000,    0.000000,    0.000000,   -0.314501,   -0.314501
   265,    0.063713,    0.493480,    0.320144,    0.260004,   -0.568638,    0.000000,    0.000000,    0.000000,   -0.308634,   -0.308634
   266,    0.063953,    0.493480,    0.319615,    0.260797,   -0.564458,    0.000000,    0.000000,    0.000000,   -0.303660,   -0.303660
   267,    0.064194,    0.493480,    0.319701,    0.260669,   -0.560279,   -0.000000,    0.000000,    0.000000,   -0.299611,   -0.299611
   268,    0.064434,    0.493480,    0.320361,    0.259680,   -0.556117,   -0.000000,    0.000000,    0.000000,   -0.296438,   -0.296438
   269,    0.064675,    0.493480,    0.321570,    0.257865,   -0.551984,   -0.000000,    0.000000,    0.000000,   -0.294119,   -0.294119
   270,    0.064915,    0.493480,    0.323226,    0.255381,   -0.547891,   -0.000000,    0.000000,    0.000000,   -0.292510,   -0.292510
   271,    0.065155,    0.493480,    0.325235,    0.252368,   -0.543846,   -0.000000,    0.000000,    0.000000,   -0.291478,   -0.291478
   272,    0.065396,    0.493480,    0.327506,    0.248961,   -0.539855,   -0.000000,    0.000000,    0.000000,   -0.290894,   -0.290894
   273,    0.065636,    0.493480,    0.329910,    0.245355,   -0.535923,   -0.000000,    0.000000,    0.000000,   -0.290567,   -0.290567
   274,    0.065877,    0.493480,    0.332344,    0.241705,   -0.532048,   -0.000000,    0.000000,    0.000000,   -0.290344,   -0.290344
   275,    0.066117,    0.493480,    0.334837,    0.237965,   -0.528234,   -0.000000,    0.000000,    0.000000,   -0.290270,   -0.290270
   276,    0.066358,    0.493480,    0.337280,    0.234301,   -0.524479,   -0.000000,    0.000000,    0.000000,   -0.290178,   -0.290178
   277,    0.066598,    0.493480,    0.339716,    0.230646,   -0.520782,   -0.000000,    0.000000,    0.000000,   -0.290136,   -0.290136
   278,    0.066838,    0.493480,    0.342199,    0.226921,   -0.517145,   -0.000000,    0.000000,    0.000000,   -0.290223,   -0.290223
   279,    0.067079,    0.493480,    0.344688,    0.223188,   -0.513567,   -0.000000,    0.000000,    0.000000,   -0.290379,   -0.290379
   280,    0.067319,    0.493480,    0.347287,    0.219290,   -0.510053,   -0.000000,    0.000000,    0.000000,   -0.290763,   -0.290763
   281,    0.067560,    0.493480,    0.349920,    0.215341,   -0.506601,   -0.000000,    0.000000,    0.000000,   -0.291260,   -0.291260
   282,    0.067800,    0.493480,    0.352677,    0.211205,   -0.503216,   -0.000000,    0.000000,    0.000000,   -0.292010,   -0.292010
   283,    0.068041,    0.493480,    0.355531,    0.206923,   -0.499899,   -0.000000,    0.000000,    0.000000,   -0.292976,   -0.292976
   284,    0.068281,    0.493480,    0.358319,    0.202741,   -0.496649,   -0.000000,    0.000000,    0.000000,   -0.293908,   -0.293908
   285,    0.068521,    0.493480,    0.361089,    0.198587,   -0.493466,   -0.000000,    0.000000,    0.000000,   -0.294879,   -0.294879
   286,    0.068762,    0.493480,    0.363696,    0.194676,   -0.490346,   -0.000000,    0.000000,    0.000000,   -0.295670,   -0.295670
   287,    0.069002,    0.493480,    0.366165,    0.190973,   -0.487285,   -0.000000,    0.000000,    0.000000,   -0.296312,   -0.296312
   288,    0.069243,    0.493480,    0.368494,    0.187480,   -0.484280,   -0.000000,    0.000000,    0.000000,   -0.296800,   -0.296800
   289,    0.069483,    0.493480,    0.370542,    0.184407,   -0.481324,   -0.000000,    0.000000,    0.000000,   -0.296917,   -0.296917
   290,    0.069724,    0.493480,    0.372474,    0.181510,   -0.478415,   -0.000000,    0.000000,    0.000000,   -0.296905,   -0.296905
   291,    0.069964,    0.493480,    0.374308,    0.178758,   -0.475550,   -0.000000,    0.000000,    0.000000,   -0.296791,   -0.296791
   292,    0.070204,    0.493480,    0.375974,    0.176259,   -0.472725,   -0.000000,    0.000000,    0.000000,   -0.296465,   -0.296465
   293,    0.070445,    0.493480,    0.377552,    0.173893,   -0.469937,   -0.000000,    0.000000,    0.000000,   -0.296045,   -0.296045
   294,    0.070685,    0.493480,    0.378993,    0.171732,   -0.467185,   -0.000000,    0.000000,    0.000000,   -0.295453,   -0.295453
   295,    0.070926,    0.493480,    0.380512,    0.169452,   -0.464469,   -0.000000,    0.000000,    0.000000,   -0.295017,   -0.295017
   296,    0.071166,    0.493480,    0.381949,    0.167296,   -0.461787,   -0.000000,    0.000000,    0.000000,   -0.294491,   -0.294491
   297,    0.071407,    0.493480,    0.383302,    0.165267,   -0.459138,   -0.000000,    0.000000,    0.000000,   -0.293872,   -0.293872
   298,    0.071647,    0.493480,    0.384568,    0.163368,   -0.456520,   -0.000000,    0.000000,    0.000000,   -0.293152,   -0.293152
   299,    0.071887,    0.493480,    0.385737,    0.161615,   -0.453929,   -0.000000,    0.000000,    0.000000,   -0.292314,   -0.292314
   300,    0.072128,    0.493480,    0.386762,    0.160078,   -0.451364,   -0.000000,    0.000000,    0.000000,   -0.291286,   -0.291286
   301,    0.072368,    0.493480,    0.387549,    0.158897,   -0.448817,   -0.000000,    0.000000,    0.000000,   -0.289919,   -0.289919
   302,    0.072609,    0.493480,    0.387917,    0.158345,   -0.446279,   -0.000000,    0.000000,    0.000000,   -0.287934,   -0.287934
   303,    0.072849,    0.493480,    0.388017,    0.158195,   -0.443743,    0.000000,    0.000000,    0.000000,   -0.285549,   -0.285549
   304,    0.073089,    0.493480,    0.387717,    0.158644,   -0.441200,    0.000000,    0.000000,    0.000000,   -0.282556,   -0.282556
   305,    0.073330,    0.493480,    0.387001,    0.159719,   -0.438640,    0.000000,    0.000000,    0.000000,   -0.278921,   -0.278921
   306,    0.073570,    0.493480,    0.385963,    0.161276,   -0.436055,    0.000000,    0.000000,    0.000000,   -0.274779,   -0.274779
   307,    0.073811,    0.493480,    0.384668,    0.163218,   -0.433439,    0.000000,    0.000000,    0.000000,   -0.270221,   -0.270221
   308,    0.074051,    0.493480,    0.383063,    0.165625,   -0.430784,    0.000000,    0.000000,    0.000000,   -0.265159,   -0.265159
   309,    0.074292,    0.493480,    0.381244,    0.168354,   -0.428086,    0.000000,    0.000000,    0.000000,   -0.259732,   -0.259732
   310,    0.074532,    0.493480,    0.379099,    0.171572,   -0.425336,    0.000000,    0.000000,    0.000000,   -0.253763,   -0.253763
   311,    0.074772,    0.493480,    0.376738,    0.175113,   -0.422529,    0.000000,    0.000000,    0.000000,   -0.247416,   -0.247416
   312,    0.075013,    0.493480,    0.374087,    0.179090,   -0.419659,    0.000000,    0.000000,    0.000000,   -0.240569,   -0.240569
   313,    0.075253,    0.493480,    0.370998,    0.183723,   -0.416714,    0.000000,    0.000000,    0.000000,   -0.232991,   -0.232991
   314,    0.075494,    0.493480,    0.367608,    0.188809,   -0.413688,    0.000000,    0.000000,    0.000000,   -0.224879,   -0.224879
   315,    0.075734,    0.493480,    0.363824,    0.194484,   -0.410570,    0.000000,    0.000000,    0.000000,   -0.216086,   -0.216086
   316,    0.075975,    0.493480,    0.359594,    0.200829,   -0.407351,    0.000000,    0.000000,    0.000000,   -0.206522,   -0.206522
   317,    0.076215,    0.493480,    0.354920,    0.207841,   -0.404020,    0.000000,    0.000000,    0.000000,   -0.196179,   -0.196179
   318,    0.076455,    0.493480,    0.349871,    0.215413,   -0.400567,    0.000000,    0.000000,    0.000000,   -0.185154,   -0.185154
   319,    0.076696,    0.493480,    0.344474,    0.223510,   -0.396985,    0.000000,    0.000000,    0.000000,   -0.173475,   -0.173475
   320,    0.076936,    0.493480,    0.338737,    0.232114,   -0.393264,    0.000000,    0.000000,    0.000000,   -0.161150,   -0.161150
   321,    0.077177,    0.493480,    0.332747,    0.241100,   -0.389400,    0.000000,    0.000000,    0.000000,   -0.148300,   -0.148300
   322,    0.077417,    0.493480,    0.326556,    0.250386,   -0.385387,    0.000000,    0.000000,    0.000000,   -0.135000,   -0.135000
   323,    0.077658,    0.493480,    0.320221,    0.259888,   -0.381221,    0.000000,    0.000000,    0.000000,   -0.121333,   -0.121333
   324,    0.077898,    0.493480,    0.313829,    0.269476,   -0.376902,    0.000000,    0.000000,    0.000000,   -0.107425,   -0.107425
   325,    0.078138,    0.493480,    0.307417,    0.279095,   -0.372428,    0.000000,    0.000000,    0.000000,   -0.093334,   -0.093334
   326,    0.078379,    0.493480,    0.301113,    0.288550,   -0.367803,    0.000000,    0.000000,    0.000000,   -0.079253,   -0.079253
   327,    0.078619,    0.493480,    0.294816,    0.297996,   -0.363027,    0.000000,    0.000000,    0.000000,   -0.065031,   -0.065031
   328,    0.078860,    0.493480,    0.288426,    0.307581,   -0.358097,    0.000000,    0.000000,    0.000000,   -0.050516,   -0.050516
   329,    0.079100,    0.493480,    0.282154,    0.316989,   -0.353016,    0.000000,    0.000000,    0.000000,   -0.036027,   -0.036027
   330,    0.079341,    0.493480,    0.275781,    0.326549,   -0.347782,    0.000000,    0.000000,    0.000000,   -0.021233,   -0.021233
   331,    0.079581,    0.493480,    0.269303,    0.336266,   -0.342392,    0.000000,    0.000000,    0.000000,   -0.006126,   -0.006126
   332,    0.079821,    0.493480,    0.262814,    0.346000,   -0.336846,    0.000000,    0.000000,    0.000000,    0.009153,    0.009153
   333,    0.080062,    0.493480,    0.256812,    0.355003,   -0.331156,    0.000000,    0.000000,    0.000000,    0.023847,    0.023847
   334,    0.080302,    0.493480,    0.250405,    0.364612,   -0.325312,    0.000000,    0.000000,    0.000000,    0.039300,    0.039300
   335,    0.080543,    0.493480,    0.244406,    0.373611,   -0.319324,    0.000000,    0.000000,    0.000000,    0.054287,    0.054287
   336,    0.080783,    0.493480,    0.238635,    0.382268,   -0.313197,    0.000000,    0.000000,    0.000000,    0.069072,    0.069072
   337,    0.081024,    0.493480,    0.232685,    0.391193,   -0.306926,    0.000000,    0.000000,    0.000000,    0.084267,    0.084267
   338,    0.081264,    0.493480,    0.228105,    0.398063,   -0.300546,    0.000000,    0.000000,    0.000000,    0.097517,    0.097517
   339,    0.081504,    0.493480,    0.222867,    0.405920,   -0.294040,    0.000000,    0.000000,    0.000000,    0.111880,    0.111880
   340,    0.081745,    0.493480,    0.218404,    0.412614,   -0.287426,    0.000000,    0.000000,    0.000000,    0.125188,    0.125188
   341,    0.081985,    0.493480,    0.214021,    0.419189,   -0.280707,    0.000000,    0.000000,    0.000000,    0.138482,    0.138482
   342,    0.082226,    0.493480,    0.209957,    0.425284,   -0.273891,    0.000000,    0.000000,    0.000000,    0.151394,    0.151394
   343,    0.082466,    0.493480,    0.206161,    0.430979,   -0.266983,    0.000000,    0.000000,    0.000000,    0.163996,    0.163996
   344,    0.082707,    0.493480,    0.202698,    0.436173,   -0.259992,    0.000000,    0.000000,    0.000000,    0.176181,    0.176181
   345,    0.082947,    0.493480,    0.199426,    0.441081,   -0.252922,    0.000000,    0.000000,    0.000000,    0.188159,    0.188159
   346,    0.083187,    0.493480,    0.196420,    0.445590,   -0.245780,    0.000000,    0.000000,    0.000000,    0.199811,    0.199811
   347,    0.083428,    0.493480,    0.193720,    0.449640,   -0.238573,    0.000000,    0.000000,    0.000000,    0.211067,    0.211067
   348,    0.083668,    0.493480,    0.191218,    0.453393,   -0.231306,    0.000000,    0.000000,    0.000000,    0.222087,    0.222087
   349,    0.083909,    0.493480,    0.188993,    0.456731,   -0.223985,    0.000000,    0.000000,    0.000000,    0.232746,    0.232746
   350,    0.084149,    0.493480,    0.187051,    0.459643,   -0.216618,    0.000000,    0.000000,    0.000000,    0.243026,    0.243026
   351,    0.084390,    0.493480,    0.185426,    0.462081,   -0.209211,    0.000000,    0.000000,    0.000000,    0.252870,    0.252870
   352,    0.084630,    0.493480,    0.184162,    0.463977,   -0.201774,    0.000000,    0.000000,    0.000000,    0.262202,    0.262202
   353,    0.084870,    0.493480,    0.183229,    0.465378,   -0.194315,    0.000000,    0.000000,    0.000000,    0.271062,    0.271062
   354,    0.085111,    0.493480,    0.182726,    0.466131,   -0.186844,    0.000000,    0.000000,    0.000000,    0.279287,    0.279287
   355,    0.085351,    0.493480,    0.182580,    0.466351,   -0.179369,   -0.000000,    0.000000,    0.000000,    0.286982,    0.286982
   356,    0.085592,    0.493480,    0.182692,    0.466183,   -0.171897,   -0.000000,    0.000000,    0.000000,    0.294286,    0.294286
   357,    0.085832,    0.493480,    0.183142,    0.465508,   -0.164435,   -0.000000,    0.000000,    0.000000,    0.301072,    0.301072
   358,    0.086072,    0.493480,    0.183878,    0.464403,   -0.156992,   -0.000000,    0.000000,    0.000000,    0.307411,    0.307411
   359,    0.086313,    0.493480,    0.184804,    0.463015,   -0.149570,   -0.000000,    0.000000,    0.000000,    0.313444,    0.313444
   360,    0.086553,    0.493480,    0.186007,    0.461210,   -0.142178,   -0.000000,    0.000000,    0.000000,    0.319032,    0.319032
   361,    0.086794,    0.493480,    0.187475,    0.459008,   -0.134821,   -0.000000,    0.000000,    0.000000,    0.324187,    0.324187
   362,    0.087034,    0.493480,    0.189262,    0.456327,   -0.127507,   -0.000000,    0.000000,    0.000000,    0.328821,    0.328821
   363,    0.087275,    0.493480,    0.191301,    0.453269,   -0.120241,   -0.000000,    0.000000,    0.000000,    0.333028,    0.333028
   364,    0.087515,    0.493480,    0.193702,    0.449667,   -0.113034,   -0.000000,    0.000000,    0.000000,    0.336634,    0.336634
   365,    0.087755,    0.493480,    0.196453,    0.445541,   -0.105893,   -0.000000,    0.000000,    0.000000,    0.339649,    0.339649
   366,    0.087996,    0.493480,    0.199417,    0.441095,   -0.098823,   -0.000000,    0.000000,    0.000000,    0.342272,    0.342272
   367,    0.088236,    0.493480,    0.202834,    0.435969,   -0.091835,   -0.000000,    0.000000,    0.000000,    0.344134,    0.344134
   368,    0.088477,    0.493480,    0.206505,    0.430463,   -0.084935,   -0.000000,    0.000000,    0.000000,    0.345528,    0.345528
   369,    0.088717,    0.493480,    0.210448,    0.424549,   -0.078130,   -0.000000,    0.000000,    0.000000,    0.346418,    0.346418
   370,    0.088958,    0.493480,    0.214741,    0.418109,   -0.071429,   -0.000000,    0.000000,    0.000000,    0.346680,    0.346680
   371,    0.089198,    0.493480,    0.219325,    0.411232,   -0.064837,   -0.000000,    0.000000,    0.000000,    0.346395,    0.346395
   372,    0.089438,    0.493480,    0.224228,    0.403878,   -0.058364,   -0.000000,    0.000000,    0.000000,    0.345515,    0.345515
   373,    0.089679,    0.493480,    0.229359,    0.396182,   -0.052013,   -0.000000,    0.000000,    0.000000,    0.344169,    0.344169
   374,    0.089919,    0.493480,    0.234719,    0.388141,   -0.045792,   -0.000000,    0.000000,    0.000000,    0.342349,    0.342349
   375,    0.090160,    0.493480,    0.240326,    0.379731,   -0.039706,   -0.000000,    0.000000,    0.000000,    0.340025,    0.340025
   376,    0.090400,    0.493480,    0.246072,    0.371112,   -0.033757,   -0.000000,    0.000000,    0.000000,    0.337355,    0.337355
   377,    0.090641,    0.493480,    0.251982,    0.362248,   -0.027951,   -0.000000,    0.000000,    0.000000,    0.334297,    0.334297
   378,    0.090881,    0.493480,    0.258062,    0.353127,   -0.022291,   -0.000000,    0.000000,    0.000000,    0.330836,    0.330836
   379,    0.091121,    0.493480,    0.264270,    0.343816,   -0.016780,   -0.000000,    0.000000,    0.000000,    0.327036,    0.327036
   380,    0.091362,    0.493480,    0.270603,    0.334316,   -0.011422,   -0.000000,    0.000000,    0.000000,    0.322894,    0.322894
   381,    0.091602,    0.493480,    0.277030,    0.324676,   -0.006218,   -0.000000,    0.000000,    0.000000,    0.318458,    0.318458
   382,    0.091843,    0.493480,    0.283481,    0.315000,   -0.001169,   -0.000000,    0.000000,    0.000000,    0.313831,    0.313831
   383,    0.092083,    0.493480,    0.289871,    0.305414,    0.003727,   -0.000000,    0.000000,    0.000000,    0.309140,    0.309140
   384,    0.092324,    0.493480,    0.296143,    0.296006,    0.008471,   -0.000000,    0.000000,    0.000000,    0.304477,    0.304477
   385,    0.092564,    0.493480,    0.302238,    0.286864,    0.013069,   -0.000000,    0.000000,    0.000000,    0.299933,    0.299933
   386,    0.092804,    0.493480,    0.308033,    0.278172,    0.017528,   -0.000000,    0.000000,    0.000000,    0.295699,    0.295699
   387,    0.093045,    0.493480,    0.313496,    0.269977,    0.021855,   -0.000000,    0.000000,    0.000000,    0.291832,    0.291832
   388,    0.093285,    0.493480,    0.318596,    0.262327,    0.026060,   -0.000000,    0.000000,    0.000000,    0.288386,    0.288386
   389,    0.093526,    0.493480,    0.323294,    0.255280,    0.030151,   -0.000000,    0.000000,    0.000000,    0.285431,    0.285431
   390,    0.093766,    0.493480,    0.327608,    0.248808,    0.034139,   -0.000000,    0.000000,    0.000000,    0.282947,    0.282947
   391,    0.094007,    0.493480,    0.331500,    0.242971,    0.038034,   -0.000000,    0.000000,    0.000000,    0.281005,    0.281005
   392,    0.094247,    0.493480,    0.335006,    0.237712,    0.041844,   -0.000000,    0.000000,    0.000000,    0.279555,    0.279555
   393,    0.094487,    0.493480,    0.338176,    0.232956,    0.045578,   -0.000000,    0.000000,    0.000000,    0.278534,    0.278534
   394,    0.094728,    0.493480,    0.340982,    0.228747,    0.049244,   -0.000000,    0.000000,    0.000000,    0.277991,    0.277991
   395,    0.094968,    0.493480,    0.343506,    0.224962,    0.052850,   -0.000000,    0.000000,    0.000000,    0.277812,    0.277812
   396,    0.095209,    0.493480,    0.345805,    0.221513,    0.056401,   -0.000000,    0.000000,    0.000000,    0.277914,    0.277914
   397,    0.095449,    0.493480,    0.347869,    0.218417,    0.059901,   -0.000000,    0.000000,    0.000000,    0.278318,    0.278318
   398,    0.095690,    0.493480,    0.349748,    0.215598,    0.063357,   -0.000000,    0.000000,    0.000000,    0.278956,    0.278956
   399,    0.095930,    0.493480,    0.351438,    0.213064,    0.066772,   -0.000000,    0.000000,    0.000000,    0.279836,    0.279836
   400,    0.096170,    0.493480,    0.352984,    0.210744,    0.070150,   -0.000000,    0.000000,    0.000000,    0.280894,    0.280894
   401,    0.096411,    0.493480,    0.354400,    0.208620,    0.073494,   -0.000000,    0.000000,    0.000000,    0.282114,    0.282114
   402,    0.096651,    0.493480,    0.355641,    0.206758,    0.076808,   -0.000000,    0.000000,    0.000000,    0.283566,    0.283566
   403,    0.096892,    0.493480,    0.356702,    0.205168,    0.080096,   -0.000000,    0.000000,    0.000000,    0.285264,    0.285264
   404,    0.097132,    0.493480,    0.357566,    0.203871,    0.083364,   -0.000000,    0.000000,    0.000000,    0.287236,    0.287236
   405,    0.097373,    0.493480,    0.358268,    0.202818,    0.086615,   -0.000000,    0.000000,    0.000000,    0.289433,    0.289433
   406,    0.097613,    0.493480,    0.358807,    0.202010,    0.089853,   -0.000000,    0.000000,    0.000000,    0.291863,    0.291863
   407,    0.097853,    0.493480,    0.359146,    0.201501,    0.093083,   -0.000000,    0.000000,    0.000000,    0.294584,    0.294584
   408,    0.098094,    0.493480,    0.359316,    0.201246,    0.096308,   -0.000000,    0.000000,    0.000000,    0.297555,    0.297555
   409,    0.098334,    0.493480,    0.359282,    0.201297,    0.099535,    0.000000,    0.000000,    0.000000,    0.300832,    0.300832
   410,    0.098575,    0.493480,    0.359004,    0.201714,    0.102768,    0.000000,    0.000000,    0.000000,    0.304482,    0.304482
   411,    0.098815,    0.493480,    0.358434,    0.202570,    0.106015,    0.000000,    0.000000,    0.000000,    0.308584,    0.308584
   412,    0.099055,    0.493480,    0.357479,    0.204003,    0.109285,    0.000000,    0.000000,    0.000000,    0.313287,    0.313287
   413,    0.099296,    0.493480,    0.356107,    0.206059,    0.112587,    0.000000,    0.000000,    0.000000,    0.318647,    0.318647
   414,    0.099536,    0.493480,    0.354263,    0.208825,    0.115935,    0.000000,    0.000000,    0.000000,    0.324760,    0.324760
   415,    0.099777,    0.493480,    0.351872,    0.212413,    0.119339,    0.000000,    0.000000,    0.000000,    0.331752,    0.331752
